cohort,architecture,threshold_set,label_key,diagnosis,threshold,threshold_attainable,records,positives,negatives,prevalence,tp,fp,tn,fn,sensitivity,specificity,ppv,npv,alerts_per_1000_records,alerts_per_true_positive,records_screened_per_true_positive,missed_cases_per_1000_records,sensitivity_lower_95,sensitivity_upper_95,specificity_lower_95,specificity_upper_95
ptb_test,xresnet1d101,registered_f1,733534002|164909002,complete left bundle branch block / left bundle branch block,0.1104494792719682,True,2198,54,2144,0.02456778889899909,51,14,2130,3,0.9444444444444444,0.9934701492537313,0.7846153846153846,0.9985935302390999,29.57233848953594,1.2745098039215685,43.09803921568628,1.364877161055505,0.8703703703703703,1.0,0.9892368702193994,0.9971297994425429
ptb_test,xresnet1d101,validation_sensitivity_90,733534002|164909002,complete left bundle branch block / left bundle branch block,0.14095604419708252,True,2198,54,2144,0.02456778889899909,51,13,2131,3,0.9444444444444444,0.9939365671641791,0.796875,0.9985941893158388,29.117379435850772,1.2549019607843137,43.09803921568628,1.364877161055505,,,,
ptb_test,xresnet1d101,registered_f1,713427006|59118001,complete right bundle branch block / right bundle branch block,0.3530633548895518,True,2198,54,2144,0.02456778889899909,52,13,2131,2,0.9629629629629629,0.9939365671641791,0.8,0.9990623534927332,29.57233848953594,1.25,42.26923076923077,0.9099181073703366,0.9038461538461539,1.0,0.9901544806720959,0.9972002193013003
ptb_test,xresnet1d101,validation_sensitivity_90,713427006|59118001,complete right bundle branch block / right bundle branch block,0.22424593567848206,True,2198,54,2144,0.02456778889899909,52,17,2127,2,0.9629629629629629,0.992070895522388,0.7536231884057971,0.9990605918271489,31.392174704276616,1.3269230769230769,42.26923076923077,0.9099181073703366,,,,
ptb_test,xresnet1d101,registered_f1,270492004,1st degree av block,0.3855339288711548,True,2198,79,2119,0.0359417652411283,39,24,2095,40,0.4936708860759494,0.9886739027843322,0.6190476190476191,0.9812646370023419,28.662420382165607,1.6153846153846154,56.35897435897436,18.198362147406733,0.37777777777777777,0.6104076479076478,0.9834977654989295,0.9929845881385868
ptb_test,xresnet1d101,validation_sensitivity_90,270492004,1st degree av block,0.03383258357644081,True,2198,79,2119,0.0359417652411283,76,163,1956,3,0.9620253164556962,0.9230769230769231,0.3179916317991632,0.998468606431853,108.73521383075523,3.1447368421052633,28.92105263157895,1.364877161055505,,,,
ptb_test,xresnet1d101,registered_f1,39732003,left axis deviation,0.3978004455566406,True,2198,528,1670,0.24021838034576887,415,124,1546,113,0.7859848484848485,0.925748502994012,0.7699443413729128,0.9318866787221217,245.22292993630575,1.2987951807228915,5.296385542168674,51.41037306642402,0.7475123379803992,0.8218403137487051,0.9119008035159372,0.9391570295781666
ptb_test,xresnet1d101,validation_sensitivity_90,39732003,left axis deviation,0.23052160441875458,True,2198,528,1670,0.24021838034576887,455,209,1461,73,0.8617424242424242,0.8748502994011976,0.6852409638554217,0.9524119947848761,302.09281164695176,1.4593406593406593,4.8307692307692305,33.21201091901729,,,,
ptb_test,xresnet1d101,registered_f1,698252002,nonspecific intraventricular conduction disorder,0.24984336892763773,True,2198,79,2119,0.0359417652411283,17,36,2083,62,0.21518987341772153,0.9830108541764984,0.32075471698113206,0.9710955710955711,24.11282984531392,3.1176470588235294,129.2941176470588,28.207461328480438,0.12675610625779996,0.30772058823529397,0.9765542938652649,0.9886259961466256
ptb_test,xresnet1d101,validation_sensitivity_90,698252002,nonspecific intraventricular conduction disorder,0.010655773803591728,True,2198,79,2119,0.0359417652411283,64,1023,1096,15,0.810126582278481,0.5172251061821614,0.05887764489420423,0.9864986498649865,494.540491355778,16.984375,34.34375,6.824385805277525,,,,
ptb_test,xresnet1d101,registered_f1,426783006,sinus rhythm,0.5494364003340403,True,2198,1822,376,0.8289353958143767,1780,127,249,42,0.9769484083424808,0.6622340425531915,0.9334032511798637,0.8556701030927835,867.606915377616,1.0713483146067415,1.2348314606741573,19.10828025477707,0.9697986116485889,0.9837364902760304,0.6100258498738497,0.7109888411486507
ptb_test,xresnet1d101,validation_sensitivity_90,426783006,sinus rhythm,0.8731671571731567,True,2198,1822,376,0.8289353958143767,1625,65,311,197,0.8918770581778266,0.8271276595744681,0.9615384615384616,0.6122047244094488,768.8808007279345,1.04,1.3526153846153846,89.62693357597816,,,,
ptb_test,xresnet1d101,registered_f1,284470004|63593006,premature atrial contraction / supraventricular premature beats,0.10775382816791534,True,2198,54,2144,0.02456778889899909,26,66,2078,28,0.48148148148148145,0.9692164179104478,0.2826086956521739,0.9867046533713201,41.856232939035486,3.5384615384615383,84.53846153846153,12.738853503184714,0.35291394335511983,0.6170719351570413,0.9618242197713072,0.9760927450600543
ptb_test,xresnet1d101,validation_sensitivity_90,284470004|63593006,premature atrial contraction / supraventricular premature beats,0.028317920863628387,True,2198,54,2144,0.02456778889899909,47,402,1742,7,0.8703703703703703,0.8125,0.10467706013363029,0.9959977129788451,204.27661510464057,9.553191489361701,46.765957446808514,3.1847133757961785,,,,
ptb_test,xresnet1d101,registered_f1,164917005,qwave abnormal,0.20258216311534247,True,2198,55,2143,0.02502274795268426,14,61,2082,41,0.2545454545454545,0.971535230984601,0.18666666666666668,0.9806877060763071,34.121929026387626,5.357142857142857,157.0,18.653321201091902,0.14035087719298245,0.3704134366925062,0.9637983519246563,0.9785247432306255
ptb_test,xresnet1d101,validation_sensitivity_90,164917005,qwave abnormal,0.012685593217611313,True,2198,55,2143,0.02502274795268426,44,662,1481,11,0.8,0.6910872608492767,0.06232294617563739,0.9926273458445041,321.20109190172883,16.045454545454547,49.95454545454545,5.004549590536851,,,,
ptb_test,xresnet1d101,registered_f1,47665007,right axis deviation,0.17966051896413168,True,2198,26,2172,0.011828935395814377,23,11,2161,3,0.8846153846153846,0.9949355432780848,0.6764705882352942,0.9986136783733827,15.468607825295724,1.4782608695652173,95.56521739130434,1.364877161055505,0.7368421052631579,1.0,0.9916782246879334,0.9976947902259106
ptb_test,xresnet1d101,validation_sensitivity_90,47665007,right axis deviation,0.021505795419216156,True,2198,26,2172,0.011828935395814377,24,45,2127,2,0.9230769230769231,0.9792817679558011,0.34782608695652173,0.9990605918271489,31.392174704276616,2.875,91.58333333333333,0.9099181073703366,,,,
ptb_test,xresnet1d101,registered_f1,426177001,sinus bradycardia,0.4070141911506653,True,2198,64,2134,0.029117379435850774,31,7,2127,33,0.484375,0.9967197750702905,0.8157894736842105,0.9847222222222223,17.288444040036396,1.2258064516129032,70.90322580645162,15.013648771610555,0.3584905660377358,0.6065720140515222,0.9937884480378858,0.9990632428141638
ptb_test,xresnet1d101,validation_sensitivity_90,426177001,sinus bradycardia,0.038722556084394455,True,2198,64,2134,0.029117379435850774,54,180,1954,10,0.84375,0.915651358950328,0.23076923076923078,0.994908350305499,106.4604185623294,4.333333333333333,40.7037037037037,4.549590536851683,,,,
ptb_test,xresnet1d101,registered_f1,427084000,sinus tachycardia,0.4097171127796173,True,2198,82,2116,0.0373066424021838,74,12,2104,8,0.9024390243902439,0.994328922495274,0.8604651162790697,0.9962121212121212,39.12647861692448,1.162162162162162,29.7027027027027,3.6396724294813465,0.8314606741573034,0.9642857142857143,0.9909519492911668,0.9972055328085832
ptb_test,xresnet1d101,validation_sensitivity_90,427084000,sinus tachycardia,0.3075614273548126,True,2198,82,2116,0.0373066424021838,77,18,2098,5,0.9390243902439024,0.9914933837429112,0.8105263157894737,0.997622444127437,43.22111010009099,1.2337662337662338,28.545454545454547,2.2747952684258417,,,,
ptb_test,xresnet1d101,registered_f1,164934002,t wave abnormal,0.3178183635075887,True,2198,231,1967,0.10509554140127389,157,150,1817,74,0.6796536796536796,0.923741738688358,0.511400651465798,0.960867265996827,139.67242948134668,1.9554140127388535,14.0,33.666969972702454,0.6170191317776252,0.7400022026431717,0.9109154334537232,0.936118038015326
ptb_test,xresnet1d101,validation_sensitivity_90,164934002,t wave abnormal,0.11323405802249908,True,2198,231,1967,0.10509554140127389,206,401,1566,25,0.8917748917748918,0.7961362480935434,0.3393739703459638,0.9842866121935889,276.16014558689716,2.9466019417475726,10.669902912621358,11.373976342129207,,,,
ptb_test,xresnet1d101,registered_f1,59931005,t wave inversion,0.2626289228598277,True,2198,29,2169,0.013193812556869881,7,24,2145,22,0.2413793103448276,0.9889349930843707,0.22580645161290322,0.9898477157360406,14.103730664240219,4.428571428571429,314.0,10.009099181073703,0.09520089285714285,0.4117647058823529,0.9840760705625747,0.9930908211201905
ptb_test,xresnet1d101,validation_sensitivity_90,59931005,t wave inversion,0.008624532260000706,True,2198,29,2169,0.013193812556869881,28,318,1851,1,0.9655172413793104,0.8533886583679114,0.08092485549132948,0.9994600431965442,157.41583257506824,12.357142857142858,78.5,0.4549590536851683,,,,
ptb_test,s4d,registered_f1,733534002|164909002,complete left bundle branch block / left bundle branch block,0.3607633610566457,True,2198,54,2144,0.02456778889899909,44,10,2134,10,0.8148148148148148,0.9953358208955224,0.8148148148148148,0.9953358208955224,24.56778889899909,1.2272727272727273,49.95454545454545,4.549590536851683,0.6875,0.9180658381808565,0.992074499660787,0.9981114481548969
ptb_test,s4d,validation_sensitivity_90,733534002|164909002,complete left bundle branch block / left bundle branch block,0.17419558763504028,True,2198,54,2144,0.02456778889899909,51,20,2124,3,0.9444444444444444,0.9906716417910447,0.7183098591549296,0.998589562764457,32.30209281164695,1.392156862745098,43.09803921568628,1.364877161055505,,,,
ptb_test,s4d,registered_f1,713427006|59118001,complete right bundle branch block / right bundle branch block,0.2751598233977954,True,2198,54,2144,0.02456778889899909,50,11,2133,4,0.9259259259259259,0.9948694029850746,0.819672131147541,0.9981282171268133,27.75250227479527,1.22,43.96,1.8198362147406733,0.8431114551083592,0.9846153846153847,0.9914178963105674,0.9976819925470579
ptb_test,s4d,validation_sensitivity_90,713427006|59118001,complete right bundle branch block / right bundle branch block,0.16629035770893097,True,2198,54,2144,0.02456778889899909,54,15,2129,0,1.0,0.9930037313432836,0.782608695652174,1.0,31.392174704276616,1.2777777777777777,40.7037037037037,0.0,,,,
ptb_test,s4d,registered_f1,270492004,1st degree av block,0.29119457801183063,True,2198,79,2119,0.0359417652411283,49,36,2083,30,0.620253164556962,0.9830108541764984,0.5764705882352941,0.9858021769995268,38.67151956323931,1.7346938775510203,44.857142857142854,13.64877161055505,0.4939641683617587,0.7285924369747898,0.977218794494542,0.9885446985210595
ptb_test,s4d,validation_sensitivity_90,270492004,1st degree av block,0.03462343290448189,True,2198,79,2119,0.0359417652411283,76,207,1912,3,0.9620253164556962,0.9023124115148655,0.26855123674911663,0.9984334203655353,128.75341219290263,3.723684210526316,28.92105263157895,1.364877161055505,,,,
ptb_test,s4d,registered_f1,39732003,left axis deviation,0.377063512802124,True,2198,528,1670,0.24021838034576887,411,161,1509,117,0.7784090909090909,0.9035928143712575,0.7185314685314685,0.9280442804428044,260.2365787079163,1.391727493917275,5.347931873479319,53.2302092811647,0.7405994402173097,0.8150837356551722,0.8873845518867925,0.9186852260892935
ptb_test,s4d,validation_sensitivity_90,39732003,left axis deviation,0.24347727000713348,True,2198,528,1670,0.24021838034576887,453,225,1445,75,0.8579545454545454,0.8652694610778443,0.668141592920354,0.9506578947368421,308.4622383985441,1.4966887417218544,4.852097130242826,34.121929026387626,,,,
ptb_test,s4d,registered_f1,698252002,nonspecific intraventricular conduction disorder,0.20667148878177008,True,2198,79,2119,0.0359417652411283,15,39,2080,64,0.189873417721519,0.9815950920245399,0.2777777777777778,0.9701492537313433,24.56778889899909,3.6,146.53333333333333,29.117379435850772,0.10768817204301076,0.2828471279963816,0.9753080552034925,0.9872941176470589
ptb_test,s4d,validation_sensitivity_90,698252002,nonspecific intraventricular conduction disorder,0.011922342702746391,True,2198,79,2119,0.0359417652411283,58,934,1185,21,0.7341772151898734,0.559226050023596,0.05846774193548387,0.9825870646766169,451.319381255687,17.103448275862068,37.89655172413793,9.554140127388536,,,,
ptb_test,s4d,registered_f1,426783006,sinus rhythm,0.6555981089671453,True,2198,1822,376,0.8289353958143767,1767,131,245,55,0.9698133918770582,0.651595744680851,0.9309799789251844,0.8166666666666667,863.5122838944495,1.0741369552914544,1.2439162422184493,25.02274795268426,0.9615590546191864,0.9777165201322288,0.6015926611514847,0.7005151394912912
ptb_test,s4d,validation_sensitivity_90,426783006,sinus rhythm,0.9225329160690308,True,2198,1822,376,0.8289353958143767,1626,74,302,196,0.8924259055982436,0.8031914893617021,0.9564705882352941,0.606425702811245,773.4303912647862,1.045510455104551,1.3517835178351782,89.171974522293,,,,
ptb_test,s4d,registered_f1,284470004|63593006,premature atrial contraction / supraventricular premature beats,0.08699574321508408,True,2198,54,2144,0.02456778889899909,23,85,2059,31,0.42592592592592593,0.9603544776119403,0.21296296296296297,0.9851674641148326,49.13557779799818,4.695652173913044,95.56521739130434,14.103730664240219,0.29265752032520326,0.5609863072314933,0.9518587367157434,0.9687645687645687
ptb_test,s4d,validation_sensitivity_90,284470004|63593006,premature atrial contraction / supraventricular premature beats,0.006787722464650869,True,2198,54,2144,0.02456778889899909,49,955,1189,5,0.9074074074074074,0.554570895522388,0.04880478087649402,0.9958123953098827,456.778889899909,20.489795918367346,44.857142857142854,2.2747952684258417,,,,
ptb_test,s4d,registered_f1,164917005,qwave abnormal,0.09135571743051212,True,2198,55,2143,0.02502274795268426,32,224,1919,23,0.5818181818181818,0.895473635090994,0.125,0.9881565396498455,116.46951774340309,8.0,68.6875,10.464058234758872,0.45159709044908286,0.7068965517241379,0.8818564403819004,0.9097351953753551
ptb_test,s4d,validation_sensitivity_90,164917005,qwave abnormal,0.013988303020596504,True,2198,55,2143,0.02502274795268426,46,721,1422,9,0.8363636363636363,0.6635557629491368,0.05997392438070404,0.9937106918238994,348.9535941765241,16.67391304347826,47.78260869565217,4.094631483166515,,,,
ptb_test,s4d,registered_f1,47665007,right axis deviation,0.4843650857607524,True,2198,26,2172,0.011828935395814377,17,4,2168,9,0.6538461538461539,0.998158379373849,0.8095238095238095,0.9958658704639411,9.554140127388536,1.2352941176470589,129.2941176470588,4.094631483166515,0.4444444444444444,0.8333333333333334,0.996290972844438,0.9995466908431551
ptb_test,s4d,validation_sensitivity_90,47665007,right axis deviation,0.038587674498558044,True,2198,26,2172,0.011828935395814377,22,66,2106,4,0.8461538461538461,0.9696132596685083,0.25,0.9981042654028436,40.03639672429481,4.0,99.9090909090909,1.8198362147406733,,,,
ptb_test,s4d,registered_f1,426177001,sinus bradycardia,0.37229103843371075,True,2198,64,2134,0.029117379435850774,29,13,2121,35,0.453125,0.9939081537019682,0.6904761904761905,0.9837662337662337,19.10828025477707,1.4482758620689655,75.79310344827586,15.92356687898089,0.32856609808102344,0.5733333333333334,0.9903892359442575,0.996742671009772
ptb_test,s4d,validation_sensitivity_90,426177001,sinus bradycardia,0.05472344160079956,True,2198,64,2134,0.029117379435850774,51,142,1992,13,0.796875,0.9334582942830365,0.26424870466321243,0.9935162094763093,87.8070973612375,3.784313725490196,43.09803921568628,5.914467697907188,,,,
ptb_test,s4d,registered_f1,427084000,sinus tachycardia,0.4575389226277669,True,2198,82,2116,0.0373066424021838,73,16,2100,9,0.8902439024390244,0.9924385633270322,0.8202247191011236,0.9957325746799431,40.49135577797998,1.2191780821917808,30.10958904109589,4.094631483166515,0.8157894736842105,0.9540360501567396,0.9887159706272958,0.9957905075721893
ptb_test,s4d,validation_sensitivity_90,427084000,sinus tachycardia,0.29129886627197266,True,2198,82,2116,0.0373066424021838,77,27,2089,5,0.9390243902439024,0.9872400756143668,0.7403846153846154,0.9976122254059216,47.315741583257505,1.3506493506493507,28.545454545454547,2.2747952684258417,,,,
ptb_test,s4d,registered_f1,164934002,t wave abnormal,0.2709185431400935,True,2198,231,1967,0.10509554140127389,154,137,1830,77,0.6666666666666666,0.9303507880020335,0.5292096219931272,0.9596224436287363,132.39308462238398,1.8896103896103895,14.272727272727273,35.031847133757964,0.6043478260869565,0.726426985888695,0.9182189853802284,0.941926928448754
ptb_test,s4d,validation_sensitivity_90,164934002,t wave abnormal,0.059640076011419296,True,2198,231,1967,0.10509554140127389,212,447,1520,19,0.9177489177489178,0.7727503812913066,0.3216995447647951,0.9876543209876543,299.81801637852595,3.108490566037736,10.367924528301886,8.644222020018198,,,,
ptb_test,s4d,registered_f1,59931005,t wave inversion,0.15451858441034952,True,2198,29,2169,0.013193812556869881,14,75,2094,15,0.4827586206896552,0.9654218533886584,0.15730337078651685,0.9928876244665719,40.49135577797998,6.357142857142857,157.0,6.824385805277525,0.29411764705882354,0.6573809523809511,0.9571934358951358,0.9730962681055508
ptb_test,s4d,validation_sensitivity_90,59931005,t wave inversion,0.012925218790769577,True,2198,29,2169,0.013193812556869881,29,309,1860,0,1.0,0.8575380359612724,0.08579881656804733,1.0,153.77616014558689,11.655172413793103,75.79310344827586,0.0,,,,
chapman_shaoxing,xresnet1d101,registered_f1,733534002|164909002,complete left bundle branch block / left bundle branch block,0.1104494792719682,True,10247,205,10042,0.02000585537230409,85,49,9993,120,0.4146341463414634,0.9951204939255128,0.6343283582089553,0.9881340848412934,13.07699814579877,1.576470588235294,120.55294117647058,11.710744608178004,0.34633677298311444,0.4822390684833912,0.9937194226716485,0.996415770609319
chapman_shaoxing,xresnet1d101,validation_sensitivity_90,733534002|164909002,complete left bundle branch block / left bundle branch block,0.14095604419708252,True,10247,205,10042,0.02000585537230409,83,47,9995,122,0.40487804878048783,0.9953196574387572,0.6384615384615384,0.9879410892557082,12.686639992192838,1.5662650602409638,123.4578313253012,11.90592368498097,,,,
chapman_shaoxing,xresnet1d101,registered_f1,713427006|59118001,complete right bundle branch block / right bundle branch block,0.3530633548895518,True,10247,454,9793,0.044305650434273446,328,27,9766,126,0.7224669603524229,0.9972429286224854,0.923943661971831,0.9872624342903357,34.644286132526595,1.0823170731707317,31.240853658536587,12.296281838586903,0.6789796251190244,0.7626401647133354,0.9961172389125883,0.9982539880629238
chapman_shaoxing,xresnet1d101,validation_sensitivity_90,713427006|59118001,complete right bundle branch block / right bundle branch block,0.22424593567848206,True,10247,454,9793,0.044305650434273446,348,36,9757,106,0.7665198237885462,0.9963239048299806,0.90625,0.9892527628510596,37.47438274616961,1.103448275862069,29.445402298850574,10.344491070557236,,,,
chapman_shaoxing,xresnet1d101,registered_f1,270492004,1st degree av block,0.3855339288711548,True,10247,247,10000,0.02410461598516639,98,40,9960,149,0.3967611336032389,0.996,0.7101449275362319,0.9852606588188743,13.467356299404704,1.4081632653061225,104.56122448979592,14.54084122182102,0.3347107438016529,0.4564493183165381,0.9947005299470053,0.9972013993003498
chapman_shaoxing,xresnet1d101,validation_sensitivity_90,270492004,1st degree av block,0.03383258357644081,True,10247,247,10000,0.02410461598516639,217,630,9370,30,0.8785425101214575,0.937,0.256198347107438,0.9968085106382979,82.65833902605641,3.903225806451613,47.22119815668203,2.927686152044501,,,,
chapman_shaoxing,xresnet1d101,registered_f1,39732003,left axis deviation,0.3978004455566406,True,10247,382,9865,0.03727920366936664,333,806,9059,49,0.8717277486910995,0.918297009630005,0.2923617208077261,0.9946201141853316,111.15448423928954,3.4204204204204203,30.77177177177177,4.781887381672685,0.8379694653918665,0.9034653465346535,0.912936825838184,0.9236633672960601
chapman_shaoxing,xresnet1d101,validation_sensitivity_90,39732003,left axis deviation,0.23052160441875458,True,10247,382,9865,0.03727920366936664,361,1108,8757,21,0.9450261780104712,0.887683730359858,0.24574540503744044,0.9976076555023924,143.35903191177906,4.069252077562327,28.385041551246537,2.0493803064311504,,,,
chapman_shaoxing,xresnet1d101,registered_f1,698252002,nonspecific intraventricular conduction disorder,0.24984336892763773,True,10247,235,10012,0.02293354152434859,32,98,9914,203,0.13617021276595745,0.9902117459049141,0.24615384615384617,0.979934763269744,12.686639992192838,4.0625,320.21875,19.81067629550112,0.09504132231404959,0.18055708516886929,0.9882058086133897,0.9920064348121902
chapman_shaoxing,xresnet1d101,validation_sensitivity_90,698252002,nonspecific intraventricular conduction disorder,0.010655773803591728,True,10247,235,10012,0.02293354152434859,165,4259,5753,70,0.7021276595744681,0.5746104674390731,0.03729656419529837,0.9879787051348102,431.73611788816237,26.812121212121212,62.1030303030303,6.831267688103836,,,,
chapman_shaoxing,xresnet1d101,registered_f1,426783006,sinus rhythm,0.5494364003340403,True,10247,1826,8421,0.1781984971211086,1814,4610,3811,12,0.9934282584884995,0.4525590784942406,0.2823785803237858,0.9968611038451478,626.9151946911292,3.5413450937155457,5.648842337375965,1.1710744608178003,0.9895890410958904,0.9967624852634286,0.44224167718993374,0.4631969538335805
chapman_shaoxing,xresnet1d101,validation_sensitivity_90,426783006,sinus rhythm,0.8731671571731567,True,10247,1826,8421,0.1781984971211086,1754,3632,4789,72,0.9605695509309967,0.5686973043581522,0.32565911622725585,0.9851882328738942,525.6172538303894,3.0706955530216646,5.842075256556442,7.026446764906802,,,,
chapman_shaoxing,xresnet1d101,registered_f1,284470004|63593006,premature atrial contraction / supraventricular premature beats,0.10775382816791534,True,10247,258,9989,0.02517810090758271,86,364,9625,172,0.3333333333333333,0.9635599159074982,0.19111111111111112,0.9824436051852607,43.915292280667515,5.232558139534884,119.15116279069767,16.785400605055138,0.27599655172413795,0.3893129770992366,0.9600117967316301,0.9672040986891222
chapman_shaoxing,xresnet1d101,validation_sensitivity_90,284470004|63593006,premature atrial contraction / supraventricular premature beats,0.028317920863628387,True,10247,258,9989,0.02517810090758271,219,2726,7263,39,0.8488372093023255,0.7270998097907698,0.07436332767402377,0.9946589975349219,287.4011905923685,13.447488584474886,46.789954337899545,3.805991997657851,,,,
chapman_shaoxing,xresnet1d101,registered_f1,164917005,qwave abnormal,0.20258216311534247,True,10247,235,10012,0.02293354152434859,30,67,9945,205,0.1276595744680851,0.9933080303635637,0.30927835051546393,0.9798029556650246,9.466185224943885,3.2333333333333334,341.56666666666666,20.00585537230409,0.08559978715620739,0.1735159817351598,0.9916958479239619,0.9948052466806212
chapman_shaoxing,xresnet1d101,validation_sensitivity_90,164917005,qwave abnormal,0.012685593217611313,True,10247,235,10012,0.02293354152434859,172,2356,7656,63,0.7319148936170212,0.7646823811426289,0.0680379746835443,0.9918383210260396,246.70635307894995,14.69767441860465,59.575581395348834,6.148140919293452,,,,
chapman_shaoxing,xresnet1d101,registered_f1,47665007,right axis deviation,0.17966051896413168,True,10247,215,10032,0.02098175075631892,149,202,9830,66,0.6930232558139535,0.9798644338118022,0.42450142450142453,0.9933306386418755,34.25392797892066,2.3557046979865772,68.77181208053692,6.4409095344979015,0.631578947368421,0.7500272925764191,0.9769940367351571,0.9825601224512674
chapman_shaoxing,xresnet1d101,validation_sensitivity_90,47665007,right axis deviation,0.021505795419216156,True,10247,215,10032,0.02098175075631892,187,518,9514,28,0.8697674418604651,0.9483652312599681,0.2652482269503546,0.9970656046950325,68.80062457304577,3.770053475935829,54.79679144385027,2.732507075241534,,,,
chapman_shaoxing,xresnet1d101,registered_f1,426177001,sinus bradycardia,0.4070141911506653,True,10247,3889,6358,0.3795257148433688,367,1,6357,3522,0.09436873232193366,0.9998427178357974,0.9972826086956522,0.6434861828120255,35.91295013174588,1.002724795640327,27.920980926430516,343.7103542500244,0.08532489288816451,0.10361980299502972,0.999523881318314,1.0
chapman_shaoxing,xresnet1d101,validation_sensitivity_90,426177001,sinus bradycardia,0.038722556084394455,True,10247,3889,6358,0.3795257148433688,1932,50,6308,1957,0.49678580611982515,0.992135891789871,0.9747729566094854,0.7632183908045977,193.42246511174002,1.025879917184265,5.303830227743271,190.98272665170293,,,,
chapman_shaoxing,xresnet1d101,registered_f1,427084000,sinus tachycardia,0.4097171127796173,True,10247,1568,8679,0.15302039621352592,1344,35,8644,224,0.8571428571428571,0.9959672773360986,0.9746192893401016,0.9747406405051872,134.57597345564557,1.0260416666666667,7.6242559523809526,21.86005660193227,0.840169776119403,0.8743045443917699,0.9946892639834076,0.9972357633111356
chapman_shaoxing,xresnet1d101,validation_sensitivity_90,427084000,sinus tachycardia,0.3075614273548126,True,10247,1568,8679,0.15302039621352592,1415,55,8624,153,0.9024234693877551,0.9936628643852978,0.9625850340136054,0.982568075652273,143.45662145018053,1.03886925795053,7.241696113074205,14.931199375426955,,,,
chapman_shaoxing,xresnet1d101,registered_f1,164934002,t wave abnormal,0.3178183635075887,True,10247,1876,8371,0.18307797404118278,792,1031,7340,1084,0.42217484008528783,0.8768366981244774,0.4344487109160724,0.8713200379867047,177.90572850590416,2.301767676767677,12.938131313131313,105.78705962720797,0.39988552640638986,0.4430794477320079,0.8697226387447416,0.8833643190287372
chapman_shaoxing,xresnet1d101,validation_sensitivity_90,164934002,t wave abnormal,0.11323405802249908,True,10247,1876,8371,0.18307797404118278,1222,2211,6160,654,0.6513859275053305,0.735873850197109,0.3559568890183513,0.9040211329615497,335.0248853322924,2.809328968903437,8.38543371522095,63.82355811457012,,,,
chapman_shaoxing,xresnet1d101,registered_f1,59931005,t wave inversion,0.2626289228598277,True,10247,157,10090,0.015321557529032888,18,102,9988,139,0.11464968152866242,0.9898909811694747,0.15,0.9862743161844574,11.710744608178004,6.666666666666667,569.2777777777778,13.564945837806187,0.06802721088435375,0.16560607244734477,0.9878810650018033,0.9917676696283734
chapman_shaoxing,xresnet1d101,validation_sensitivity_90,59931005,t wave inversion,0.008624532260000706,True,10247,157,10090,0.015321557529032888,119,2004,8086,38,0.7579617834394905,0.8013875123885035,0.05605275553462082,0.9953225012309207,207.18259002634917,17.840336134453782,86.10924369747899,3.7084024592563676,,,,
chapman_shaoxing,s4d,registered_f1,733534002|164909002,complete left bundle branch block / left bundle branch block,0.3607633610566457,True,10247,205,10042,0.02000585537230409,81,32,10010,124,0.3951219512195122,0.99681338378809,0.7168141592920354,0.9877639628971778,11.02761783936762,1.3950617283950617,126.50617283950618,12.101102761783936,0.32682926829268294,0.46352553337065366,0.9956223152469668,0.9978127135890182
chapman_shaoxing,s4d,validation_sensitivity_90,733534002|164909002,complete left bundle branch block / left bundle branch block,0.17419558763504028,True,10247,205,10042,0.02000585537230409,88,51,9991,117,0.4292682926829268,0.9949213304122685,0.6330935251798561,0.988425009893154,13.564945837806187,1.5795454545454546,116.44318181818181,11.417975992973552,,,,
chapman_shaoxing,s4d,registered_f1,713427006|59118001,complete right bundle branch block / right bundle branch block,0.2751598233977954,True,10247,454,9793,0.044305650434273446,329,43,9750,125,0.724669603524229,0.9956091085469213,0.8844086021505376,0.9873417721518988,36.30330828535181,1.1306990881458967,31.145896656534955,12.19869230018542,0.6816038075451516,0.7658250591323785,0.9942634014168918,0.9968231194916991
chapman_shaoxing,s4d,validation_sensitivity_90,713427006|59118001,complete right bundle branch block / right bundle branch block,0.16629035770893097,True,10247,454,9793,0.044305650434273446,350,60,9733,104,0.7709251101321586,0.9938731747166343,0.8536585365853658,0.9894276710379181,40.01171074460818,1.1714285714285715,29.277142857142856,10.149311993754269,,,,
chapman_shaoxing,s4d,registered_f1,270492004,1st degree av block,0.29119457801183063,True,10247,247,10000,0.02410461598516639,116,65,9935,131,0.46963562753036436,0.9935,0.6408839779005525,0.9869858931055037,17.66370645066849,1.5603448275862069,88.33620689655173,12.78422953059432,0.407251031507877,0.5294117647058824,0.9919024090313397,0.9950130408545438
chapman_shaoxing,s4d,validation_sensitivity_90,270492004,1st degree av block,0.03462343290448189,True,10247,247,10000,0.02410461598516639,217,924,9076,30,0.8785425101214575,0.9076,0.1901840490797546,0.9967054689215902,111.34966331609252,5.258064516129032,47.22119815668203,2.927686152044501,,,,
chapman_shaoxing,s4d,registered_f1,39732003,left axis deviation,0.377063512802124,True,10247,382,9865,0.03727920366936664,331,911,8954,51,0.8664921465968587,0.9076533198175367,0.2665056360708535,0.9943364797334814,121.20620669464233,3.7522658610271904,30.957703927492446,4.977066458475651,0.8311336804204659,0.8991825613079019,0.9022563236209572,0.9132157899228001
chapman_shaoxing,s4d,validation_sensitivity_90,39732003,left axis deviation,0.24347727000713348,True,10247,382,9865,0.03727920366936664,356,1205,8660,26,0.9319371727748691,0.8778509883426254,0.22805893657911594,0.9970066774119273,152.33726944471553,4.384831460674158,28.78370786516854,2.5373279984385673,,,,
chapman_shaoxing,s4d,registered_f1,698252002,nonspecific intraventricular conduction disorder,0.20667148878177008,True,10247,235,10012,0.02293354152434859,27,114,9898,208,0.1148936170212766,0.9886136636036756,0.19148936170212766,0.9794181674252919,13.760124914609154,5.222222222222222,379.51851851851853,20.298623987508538,0.07468561185120477,0.15726278311599173,0.9864864526654996,0.9905935565036539
chapman_shaoxing,s4d,validation_sensitivity_90,698252002,nonspecific intraventricular conduction disorder,0.011922342702746391,True,10247,235,10012,0.02293354152434859,167,3779,6233,68,0.7106382978723405,0.6225529364762286,0.04232133806386214,0.9892080622123472,385.08831853225337,23.62874251497006,61.35928143712575,6.636088611300869,,,,
chapman_shaoxing,s4d,registered_f1,426783006,sinus rhythm,0.6555981089671453,True,10247,1826,8421,0.1781984971211086,1807,4550,3871,19,0.9895947426067908,0.4596841230257689,0.2842535787321063,0.9951156812339331,620.3766956182297,3.5179856115107913,5.670724958494743,1.8542012296281838,0.9848982702029232,0.9939827410139263,0.44906944262588067,0.47023524430075153
chapman_shaoxing,s4d,validation_sensitivity_90,426783006,sinus rhythm,0.9225329160690308,True,10247,1826,8421,0.1781984971211086,1740,3437,4984,86,0.9529025191675794,0.5918536990856192,0.3361019895692486,0.9830374753451676,505.22104030447935,2.975287356321839,5.889080459770115,8.392700302527569,,,,
chapman_shaoxing,s4d,registered_f1,284470004|63593006,premature atrial contraction / supraventricular premature beats,0.08699574321508408,True,10247,258,9989,0.02517810090758271,103,664,9325,155,0.3992248062015504,0.9335268795675242,0.13428943937418514,0.9836497890295358,74.85117595393774,7.446601941747573,99.48543689320388,15.126378452229922,0.33953450721598616,0.45833745059288533,0.9285569562982918,0.9383773346693386
chapman_shaoxing,s4d,validation_sensitivity_90,284470004|63593006,premature atrial contraction / supraventricular premature beats,0.006787722464650869,True,10247,258,9989,0.02517810090758271,246,5766,4223,12,0.9534883720930233,0.42276504154570027,0.04091816367265469,0.9971664698937426,586.708304869718,24.4390243902439,41.65447154471545,1.1710744608178003,,,,
chapman_shaoxing,s4d,registered_f1,164917005,qwave abnormal,0.09135571743051212,True,10247,235,10012,0.02293354152434859,73,396,9616,162,0.31063829787234043,0.9604474630443468,0.15565031982942432,0.9834321947228472,45.769493510295696,6.424657534246576,140.36986301369862,15.809505221040304,0.2542290121822034,0.37200232558139534,0.9567518977227327,0.9641785145922916
chapman_shaoxing,s4d,validation_sensitivity_90,164917005,qwave abnormal,0.013988303020596504,True,10247,235,10012,0.02293354152434859,168,2141,7871,67,0.7148936170212766,0.7861566120655213,0.07275877003031615,0.9915595867976821,225.33424416902508,13.744047619047619,60.99404761904762,6.538499072899385,,,,
chapman_shaoxing,s4d,registered_f1,47665007,right axis deviation,0.4843650857607524,True,10247,215,10032,0.02098175075631892,114,127,9905,101,0.5302325581395348,0.9873405103668261,0.4730290456431535,0.9899060563661803,23.51907875475749,2.1140350877192984,89.8859649122807,9.85654337854982,0.4641110608215871,0.5922376110063037,0.9850535827749911,0.9895231015508897
chapman_shaoxing,s4d,validation_sensitivity_90,47665007,right axis deviation,0.038587674498558044,True,10247,215,10032,0.02098175075631892,189,711,9321,26,0.8790697674418605,0.9291267942583732,0.21,0.9972183588317107,87.83058456133503,4.761904761904762,54.216931216931215,2.5373279984385673,,,,
chapman_shaoxing,s4d,registered_f1,426177001,sinus bradycardia,0.37229103843371075,True,10247,3889,6358,0.3795257148433688,469,1,6357,3420,0.12059655438416045,0.9998427178357974,0.997872340425532,0.6501994476833385,45.86708304869718,1.0021321961620469,21.84861407249467,333.7562213330731,0.1099430271906,0.13089054084686674,0.999523505096217,1.0
chapman_shaoxing,s4d,validation_sensitivity_90,426177001,sinus bradycardia,0.05472344160079956,True,10247,3889,6358,0.3795257148433688,1783,62,6296,2106,0.4584726150681409,0.9902485058194401,0.9663956639566396,0.7493453939538205,180.0526983507368,1.0347728547392037,5.747055524397084,205.52356787352394,,,,
chapman_shaoxing,s4d,registered_f1,427084000,sinus tachycardia,0.4575389226277669,True,10247,1568,8679,0.15302039621352592,1319,68,8611,249,0.8411989795918368,0.9921649959672774,0.9509733237202596,0.9718961625282168,135.35668976285743,1.0515542077331312,7.768764215314632,24.299795061969355,0.8223760141358011,0.8592178684639097,0.9902942061428847,0.9939954849964475
chapman_shaoxing,s4d,validation_sensitivity_90,427084000,sinus tachycardia,0.29129886627197266,True,10247,1568,8679,0.15302039621352592,1423,161,8518,145,0.9075255102040817,0.9814494757460537,0.8983585858585859,0.9832621493708876,154.58182882794964,1.113141250878426,7.20098383696416,14.150483068215088,,,,
chapman_shaoxing,s4d,registered_f1,164934002,t wave abnormal,0.2709185431400935,True,10247,1876,8371,0.18307797404118278,794,877,7494,1082,0.4232409381663113,0.895233544379405,0.47516457211250746,0.8738339552238806,163.0721186688787,2.104534005037783,12.905541561712846,105.591880550405,0.401209059111048,0.4440925590916159,0.8885546811275494,0.9015692636076978
chapman_shaoxing,s4d,validation_sensitivity_90,164934002,t wave abnormal,0.059640076011419296,True,10247,1876,8371,0.18307797404118278,1319,2518,5853,557,0.7030916844349681,0.69919961772787,0.34375814438363306,0.9131045241809672,374.45105884649166,2.909021986353298,7.768764215314632,54.357372889626234,,,,
chapman_shaoxing,s4d,registered_f1,59931005,t wave inversion,0.15451858441034952,True,10247,157,10090,0.015321557529032888,42,331,9759,115,0.267515923566879,0.967195242814668,0.1126005361930295,0.9883532509621228,36.4008978237533,8.880952380952381,243.97619047619048,11.222796916170587,0.19631610623592452,0.3391001803020057,0.9637028573727195,0.9706756562861784
chapman_shaoxing,s4d,validation_sensitivity_90,59931005,t wave inversion,0.012925218790769577,True,10247,157,10090,0.015321557529032888,117,1756,8334,40,0.7452229299363057,0.8259663032705649,0.062466631073144686,0.9952233102459995,182.78520542597835,16.00854700854701,87.58119658119658,3.9035815360593342,,,,
ningbo,xresnet1d101,registered_f1,733534002|164909002,complete left bundle branch block / left bundle branch block,0.1104494792719682,True,34905,248,34657,0.007104999283770234,221,191,34466,27,0.8911290322580645,0.9944888478518048,0.5364077669902912,0.9992172324819528,11.803466552069905,1.8642533936651584,157.94117647058823,0.7735281478298238,0.8538438735177866,0.9285714285714286,0.9936469879868622,0.995269972108606
ningbo,xresnet1d101,validation_sensitivity_90,733534002|164909002,complete left bundle branch block / left bundle branch block,0.14095604419708252,True,34905,248,34657,0.007104999283770234,215,161,34496,33,0.8669354838709677,0.9953544738436679,0.5718085106382979,0.9990442816183498,10.772095688296806,1.7488372093023257,162.34883720930233,0.9454232917920069,,,,
ningbo,xresnet1d101,registered_f1,713427006|59118001,complete right bundle branch block / right bundle branch block,0.3530633548895518,True,34905,1291,33614,0.03698610514252972,1061,101,33513,230,0.8218435321456236,0.996995299577557,0.9130808950086059,0.9931837714488931,33.29035954734279,1.0951932139491045,32.89820923656927,6.589313851883684,0.79999238385377,0.8429127984084881,0.996396959740891,0.9975623041588899
ningbo,xresnet1d101,validation_sensitivity_90,713427006|59118001,complete right bundle branch block / right bundle branch block,0.22424593567848206,True,34905,1291,33614,0.03698610514252972,1141,143,33471,150,0.8838109992254066,0.9957458201939668,0.8886292834890965,0.9955385027215133,36.785560807907174,1.1253286590709903,30.591586327782647,4.297378599054577,,,,
ningbo,xresnet1d101,registered_f1,270492004,1st degree av block,0.3855339288711548,True,34905,893,34012,0.025583727259704914,354,135,33877,539,0.3964165733482643,0.9960308126543573,0.7239263803680982,0.984338679683868,14.00945423291792,1.38135593220339,98.60169491525424,15.441913765936112,0.36474369126808154,0.4311517551496288,0.9953519842320477,0.9967119621911686
ningbo,xresnet1d101,validation_sensitivity_90,270492004,1st degree av block,0.03383258357644081,True,34905,893,34012,0.025583727259704914,788,2091,31921,105,0.8824188129899216,0.9385216982241562,0.27370614796804443,0.9967214138512459,82.4810199111875,3.6535532994923856,44.295685279187815,3.008165019338204,,,,
ningbo,xresnet1d101,registered_f1,39732003,left axis deviation,0.3978004455566406,True,34905,1163,33742,0.03331900873800315,993,2665,31077,170,0.8538263112639725,0.9210183154525518,0.2714598141060689,0.9945594777098602,104.79873943561094,3.6837865055387713,35.151057401812686,4.870362412261853,0.8330391251416817,0.8736751441324159,0.918078576949134,0.9239417802371024
ningbo,xresnet1d101,validation_sensitivity_90,39732003,left axis deviation,0.23052160441875458,True,34905,1163,33742,0.03331900873800315,1092,3850,29892,71,0.938950988822012,0.8858988797344556,0.22096317280453256,0.997630410840036,141.58430024351813,4.5256410256410255,31.964285714285715,2.034092536885833,,,,
ningbo,xresnet1d101,registered_f1,698252002,nonspecific intraventricular conduction disorder,0.24984336892763773,True,34905,536,34369,0.01535596619395502,9,392,33977,527,0.016791044776119403,0.988594372835986,0.022443890274314215,0.984726408532344,11.488325454805901,44.55555555555556,3878.3333333333335,15.098123478011747,0.006896551724137931,0.029130480127427163,0.9874966196885626,0.9896946606498975
ningbo,xresnet1d101,validation_sensitivity_90,698252002,nonspecific intraventricular conduction disorder,0.010655773803591728,True,34905,536,34369,0.01535596619395502,256,15191,19178,280,0.47761194029850745,0.558002851406791,0.016572797306920437,0.9856100318635008,442.5440481306403,60.33984375,136.34765625,8.021773384901877,,,,
ningbo,xresnet1d101,registered_f1,426783006,sinus rhythm,0.5494364003340403,True,34905,6299,28606,0.18046125196963186,6115,16622,11984,184,0.9707890141292269,0.41893309095993847,0.268944891586401,0.9848783694937541,651.3966480446927,3.7182338511856092,5.708094848732625,5.271451081506948,0.9666978216719717,0.9748022423934591,0.4132380900828064,0.42457780329700384
ningbo,xresnet1d101,validation_sensitivity_90,426783006,sinus rhythm,0.8731671571731567,True,34905,6299,28606,0.18046125196963186,5827,13146,15460,472,0.9250674710271471,0.5404460602670769,0.30712064512728615,0.9703740898819985,543.5610943990832,3.2560494250900978,5.99021795091814,13.522417991691734,,,,
ningbo,xresnet1d101,registered_f1,284470004|63593006,premature atrial contraction / supraventricular premature beats,0.10775382816791534,True,34905,1063,33842,0.030454089671966767,405,1184,32658,658,0.380997177798683,0.9650138880680811,0.2548772813089994,0.980249729859527,45.523563959318146,3.9234567901234567,86.18518518518519,18.85116745451941,0.35185050210560415,0.4098849817363941,0.962951764076322,0.9669426921554869
ningbo,xresnet1d101,validation_sensitivity_90,284470004|63593006,premature atrial contraction / supraventricular premature beats,0.028317920863628387,True,34905,1063,33842,0.030454089671966767,909,9862,23980,154,0.8551269990592663,0.7085869629454524,0.08439327824714511,0.9936189608021878,308.58043260277896,11.84928492849285,38.399339933993396,4.411975361696032,,,,
ningbo,xresnet1d101,registered_f1,164917005,qwave abnormal,0.20258216311534247,True,34905,828,34077,0.023721529866781263,110,231,33846,718,0.13285024154589373,0.9932212342635796,0.3225806451612903,0.9792269413262353,9.769374015184072,3.1,317.3181818181818,20.570118894141242,0.10977006450806834,0.15688626573383846,0.9923065806210839,0.9941003364879173
ningbo,xresnet1d101,validation_sensitivity_90,164917005,qwave abnormal,0.012685593217611313,True,34905,828,34077,0.023721529866781263,630,8760,25317,198,0.7608695652173914,0.7429351175279514,0.0670926517571885,0.9922398589065256,269.0159003008165,14.904761904761905,55.404761904761905,5.672539750752041,,,,
ningbo,xresnet1d101,registered_f1,47665007,right axis deviation,0.17966051896413168,True,34905,638,34267,0.018278183641312132,444,1195,33072,194,0.6959247648902821,0.9651267983774476,0.2708968883465528,0.994168219804004,46.95602349233634,3.6914414414414414,78.61486486486487,5.557942988110586,0.6597067853974824,0.7312041614906831,0.963179221226928,0.967040147101345
ningbo,xresnet1d101,validation_sensitivity_90,47665007,right axis deviation,0.021505795419216156,True,34905,638,34267,0.018278183641312132,568,2616,31651,70,0.890282131661442,0.9236583301718855,0.17839195979899497,0.9977932599854986,91.21902306259848,5.605633802816901,61.45246478873239,2.0054433462254693,,,,
ningbo,xresnet1d101,registered_f1,426177001,sinus bradycardia,0.4070141911506653,True,34905,12670,22235,0.3629852456668099,1116,22,22213,11554,0.08808208366219417,0.9990105689228693,0.9806678383128296,0.6578316107442177,32.602778971494054,1.0197132616487454,31.276881720430108,331.01274888984386,0.0829549530573278,0.0931594676903576,0.9985591215924674,0.9994156535182372
ningbo,xresnet1d101,validation_sensitivity_90,426177001,sinus bradycardia,0.038722556084394455,True,34905,12670,22235,0.3629852456668099,6450,461,21774,6220,0.5090765588003157,0.979266921520126,0.9332947475039791,0.777809530613703,197.99455665377454,1.0714728682170542,5.411627906976745,178.1979659074631,,,,
ningbo,xresnet1d101,registered_f1,427084000,sinus tachycardia,0.4097171127796173,True,34905,5687,29218,0.16292794728548918,4334,107,29111,1353,0.7620889748549323,0.996337873913341,0.975906327403738,0.9555869222689075,127.23105572267583,1.024688509460083,8.05376095985233,38.76235496347228,0.7513965889119667,0.7731327769234012,0.9956443116489722,0.9970212084513143
ningbo,xresnet1d101,validation_sensitivity_90,427084000,sinus tachycardia,0.3075614273548126,True,34905,5687,29218,0.16292794728548918,4602,184,29034,1085,0.8092139968348866,0.9937025121500445,0.9615545340576682,0.9639762276303994,137.11502650050136,1.0399826162538026,7.584745762711864,31.08437186649477,,,,
ningbo,xresnet1d101,registered_f1,164934002,t wave abnormal,0.3178183635075887,True,34905,5167,29738,0.1480303681421,2411,3595,26143,2756,0.46661505709309076,0.8791109018763871,0.40143190143190144,0.9046333783175888,172.06703910614524,2.4910825383658235,14.477395271671506,78.95716945996276,0.4528972985279253,0.4805136378885625,0.8755255121235583,0.882849858924695
ningbo,xresnet1d101,validation_sensitivity_90,164934002,t wave abnormal,0.11323405802249908,True,34905,5167,29738,0.1480303681421,3519,8000,21738,1648,0.6810528353009483,0.7309839262895959,0.30549526868651794,0.9295304883263491,330.01002721673115,3.2733731173628873,9.919011082693947,47.21386620827962,,,,
ningbo,xresnet1d101,registered_f1,59931005,t wave inversion,0.2626289228598277,True,34905,2720,32185,0.07792579859618966,238,127,32058,2482,0.0875,0.9960540624514526,0.6520547945205479,0.9281412854661262,10.456954591032803,1.5336134453781514,146.6596638655462,71.10729121902307,0.07697985615039929,0.09809665980930828,0.9953686253252229,0.9967388316628426
ningbo,xresnet1d101,validation_sensitivity_90,59931005,t wave inversion,0.008624532260000706,True,34905,2720,32185,0.07792579859618966,2003,5727,26458,717,0.7363970588235295,0.8220599658225881,0.2591203104786546,0.9736154553817847,221.45824380461252,3.8592111832251623,17.426360459311034,20.541469703480878,,,,
ningbo,s4d,registered_f1,733534002|164909002,complete left bundle branch block / left bundle branch block,0.3607633610566457,True,34905,248,34657,0.007104999283770234,216,128,34529,32,0.8709677419354839,0.9963066624347173,0.627906976744186,0.999074100865137,9.855321587165163,1.5925925925925926,161.59722222222223,0.916774101131643,0.8269192913385827,0.9109401528013582,0.9956447594680965,0.9969148483671975
ningbo,s4d,validation_sensitivity_90,733534002|164909002,complete left bundle branch block / left bundle branch block,0.17419558763504028,True,34905,248,34657,0.007104999283770234,229,215,34442,19,0.9233870967741935,0.9937963470583143,0.5157657657657657,0.9994486520994748,12.720240653201547,1.9388646288209608,152.4235807860262,0.544334622546913,,,,
ningbo,s4d,registered_f1,713427006|59118001,complete right bundle branch block / right bundle branch block,0.2751598233977954,True,34905,1291,33614,0.03698610514252972,1066,171,33443,225,0.82571649883811,0.99491283393824,0.8617623282134196,0.9933170963526197,35.43904884687007,1.1604127579737336,32.74390243902439,6.446067898581865,0.804838270706868,0.8457836789334208,0.994141425104641,0.9956530346988747
ningbo,s4d,validation_sensitivity_90,713427006|59118001,complete right bundle branch block / right bundle branch block,0.16629035770893097,True,34905,1291,33614,0.03698610514252972,1139,258,33356,152,0.8822618125484121,0.9923246266436604,0.8153185397279885,0.9954637698460069,40.02291935252829,1.2265144863915716,30.645302897278313,4.354676980375304,,,,
ningbo,s4d,registered_f1,270492004,1st degree av block,0.29119457801183063,True,34905,893,34012,0.025583727259704914,363,217,33795,530,0.406494960806271,0.9936198988592262,0.6258620689655172,0.9845593590677348,16.61653058301103,1.5977961432506886,96.15702479338843,15.184071049992838,0.3749895484949833,0.43899657924743446,0.9927668332843281,0.9944733759253042
ningbo,s4d,validation_sensitivity_90,270492004,1st degree av block,0.03462343290448189,True,34905,893,34012,0.025583727259704914,769,3230,30782,124,0.8611422172452408,0.9050335175820299,0.19229807451862965,0.9959878340775254,114.56811345079501,5.200260078023407,45.390117035110535,3.5524996418851167,,,,
ningbo,s4d,registered_f1,39732003,left axis deviation,0.377063512802124,True,34905,1163,33742,0.03331900873800315,1017,3231,30511,146,0.8744625967325881,0.904243968940786,0.23940677966101695,0.9952376292526992,121.70176192522561,4.176991150442478,34.32153392330383,4.182781836413121,0.854638966077475,0.8922420346625124,0.9011018315883602,0.907378591872519
ningbo,s4d,validation_sensitivity_90,39732003,left axis deviation,0.24347727000713348,True,34905,1163,33742,0.03331900873800315,1071,4327,29415,92,0.9208942390369733,0.8717621954833739,0.19840681733975546,0.9968820957738842,154.64833118464404,5.040149393090569,32.59103641456583,2.635725540753474,,,,
ningbo,s4d,registered_f1,698252002,nonspecific intraventricular conduction disorder,0.20667148878177008,True,34905,536,34369,0.01535596619395502,10,464,33905,526,0.018656716417910446,0.9864994617242282,0.02109704641350211,0.9847230693270599,13.579716373012463,47.4,3490.5,15.069474287351383,0.007619047619047619,0.03079788682248471,0.9852648057170119,0.9877102203016458
ningbo,s4d,validation_sensitivity_90,698252002,nonspecific intraventricular conduction disorder,0.011922342702746391,True,34905,536,34369,0.01535596619395502,300,13068,21301,236,0.5597014925373134,0.6197736332159796,0.02244165170556553,0.9890421135719923,382.9823807477439,44.56,116.35,6.761208995845867,,,,
ningbo,s4d,registered_f1,426783006,sinus rhythm,0.6555981089671453,True,34905,6299,28606,0.18046125196963186,6101,16576,12030,198,0.9685664391173202,0.4205411452142907,0.2690391145213212,0.9838076545632973,649.6776966050709,3.7169316505490904,5.721193247008687,5.672539750752041,0.9642910261700189,0.9727103770489288,0.41465963019409424,0.42622271133267436
ningbo,s4d,validation_sensitivity_90,426783006,sinus rhythm,0.9225329160690308,True,34905,6299,28606,0.18046125196963186,5812,12527,16079,487,0.9226861406572472,0.5620848772984689,0.31692022465783304,0.9706024387299288,525.3975075204125,3.1553682037164488,6.005677907777013,13.952155851597192,,,,
ningbo,s4d,registered_f1,284470004|63593006,premature atrial contraction / supraventricular premature beats,0.08699574321508408,True,34905,1063,33842,0.030454089671966767,462,2192,31650,601,0.43461900282220134,0.9352284143963123,0.17407686510926904,0.9813649189172429,76.03495201260564,5.744588744588745,75.55194805194805,17.21816358687867,0.4050985510873501,0.46250086725254397,0.9327270791312883,0.9377677434396184
ningbo,s4d,validation_sensitivity_90,284470004|63593006,premature atrial contraction / supraventricular premature beats,0.006787722464650869,True,34905,1063,33842,0.030454089671966767,1008,20062,13780,55,0.9482596425211665,0.4071863365049347,0.04784053156146179,0.9960245753523672,603.6384472138662,20.90277777777778,34.62797619047619,1.5757054863200115,,,,
ningbo,s4d,registered_f1,164917005,qwave abnormal,0.09135571743051212,True,34905,828,34077,0.023721529866781263,267,1313,32764,561,0.322463768115942,0.961469612935411,0.1689873417721519,0.983165791447862,45.26572124337488,5.917602996254682,130.73033707865167,16.072195960464118,0.2920463762087969,0.35462862665137423,0.9594691094485942,0.9635296936429274
ningbo,s4d,validation_sensitivity_90,164917005,qwave abnormal,0.013988303020596504,True,34905,828,34077,0.023721529866781263,578,7468,26609,250,0.6980676328502415,0.7808492531619567,0.07183693760874969,0.9906921329908038,230.5113880532875,13.920415224913494,60.38927335640138,7.1622976650909616,,,,
ningbo,s4d,registered_f1,47665007,right axis deviation,0.4843650857607524,True,34905,638,34267,0.018278183641312132,303,686,33581,335,0.47492163009404387,0.97998073948697,0.3063700707785642,0.9901226559735818,28.334049563099843,3.264026402640264,115.1980198019802,9.597478871221888,0.43431221020092736,0.5147099097855103,0.9785394829828927,0.9814619914404271
ningbo,s4d,validation_sensitivity_90,47665007,right axis deviation,0.038587674498558044,True,34905,638,34267,0.018278183641312132,579,3138,31129,59,0.9075235109717869,0.9084250153208626,0.15577078288942695,0.998108246761575,106.48904168457241,6.419689119170984,60.284974093264246,1.6903022489614667,,,,
ningbo,s4d,registered_f1,426177001,sinus bradycardia,0.37229103843371075,True,34905,12670,22235,0.3629852456668099,1399,48,22187,11271,0.11041831097079716,0.9978412412862604,0.9668279198341396,0.663129894195708,41.45537888554648,1.0343102215868478,24.949964260185848,322.9050279329609,0.10483141521035545,0.11608779947331752,0.9972046447711086,0.9984633480256082
ningbo,s4d,validation_sensitivity_90,426177001,sinus bradycardia,0.05472344160079956,True,34905,12670,22235,0.3629852456668099,5769,429,21806,6901,0.455327545382794,0.9807060939959523,0.930784123910939,0.7596056710906748,177.56768371293512,1.0743629745189807,6.050442017680707,197.70806474717088,,,,
ningbo,s4d,registered_f1,427084000,sinus tachycardia,0.4575389226277669,True,34905,5687,29218,0.16292794728548918,4261,199,29019,1426,0.7492526815544224,0.9931891299883633,0.9553811659192825,0.9531614386598785,127.77539034522275,1.0467026519596339,8.19173902839709,40.85374588167884,0.7383580255395018,0.7604597760380383,0.9922200791838673,0.9941331518502314
ningbo,s4d,validation_sensitivity_90,427084000,sinus tachycardia,0.29129886627197266,True,34905,5687,29218,0.16292794728548918,4691,408,28810,996,0.8248637242834534,0.9860360052022725,0.9199843106491469,0.9665839092800107,146.08222317719523,1.086975058622895,7.440844169686634,28.534593897722388,,,,
ningbo,s4d,registered_f1,164934002,t wave abnormal,0.2709185431400935,True,34905,5167,29738,0.1480303681421,2407,3552,26186,2760,0.4658409134894523,0.8805568632725805,0.40392683336130225,0.9046500380017964,170.72052714510815,2.475695886996261,14.501454092230993,79.07176622260421,0.45271499029572276,0.4793885930159515,0.8769826753845562,0.8841474094836808
ningbo,s4d,validation_sensitivity_90,164934002,t wave abnormal,0.059640076011419296,True,34905,5167,29738,0.1480303681421,3830,9460,20278,1337,0.7412425004838398,0.681888492837447,0.28818660647103084,0.9381448068470969,380.7477438762355,3.4699738903394257,9.113577023498694,38.30396791290646,,,,
ningbo,s4d,registered_f1,59931005,t wave inversion,0.15451858441034952,True,34905,2720,32185,0.07792579859618966,578,645,31540,2142,0.2125,0.9799596085132826,0.47260834014717906,0.9364052015913544,35.03796017762498,2.115916955017301,60.38927335640138,61.36656639449936,0.19755620868341453,0.22859295775564034,0.9783650274819615,0.9815001812731282
ningbo,s4d,validation_sensitivity_90,59931005,t wave inversion,0.012925218790769577,True,34905,2720,32185,0.07792579859618966,1914,4716,27469,806,0.7036764705882353,0.8534721143389777,0.28868778280542984,0.9714942528735632,189.9441340782123,3.4639498432601883,18.23667711598746,23.09124767225326,,,,
