external_cohort,architecture,label_key,diagnosis,estimand,internal_auroc,external_auroc,shift_delta,shift_delta_lower_95,shift_delta_upper_95,excludes_zero
chapman_shaoxing,xresnet1d101,733534002|164909002,complete left bundle branch block / left bundle branch block,as_registered,0.9971755804311775,0.8975221144364401,-0.09965346599473734,-0.12496005106830188,-0.07558919247038913,True
chapman_shaoxing,xresnet1d101,733534002|164909002,complete left bundle branch block / left bundle branch block,union,0.9971755804311775,0.8975221144364401,-0.09965346599473734,-0.12496005106830188,-0.07558919247038913,True
chapman_shaoxing,xresnet1d101,733534002|164909002,complete left bundle branch block / left bundle branch block,restricted,0.9971755804311775,0.8975221144364401,-0.09965346599473734,-0.12496005106830188,-0.07558919247038913,True
ningbo,xresnet1d101,733534002|164909002,complete left bundle branch block / left bundle branch block,as_registered,0.9971755804311775,0.9961098023301163,-0.0010657781010612322,-0.0047017958083836135,0.002993011159380082,False
ningbo,xresnet1d101,733534002|164909002,complete left bundle branch block / left bundle branch block,union,0.9971755804311775,0.9961098023301163,-0.0010657781010612322,-0.0047017958083836135,0.002993011159380082,False
ningbo,xresnet1d101,733534002|164909002,complete left bundle branch block / left bundle branch block,restricted,0.9971755804311775,0.9961098023301163,-0.0010657781010612322,-0.0047017958083836135,0.002993011159380082,False
chapman_shaoxing,s4d,733534002|164909002,complete left bundle branch block / left bundle branch block,as_registered,0.9972360420121614,0.922149897260773,-0.07508614475138842,-0.0945940337941455,-0.05618228127103139,True
chapman_shaoxing,s4d,733534002|164909002,complete left bundle branch block / left bundle branch block,union,0.9972360420121614,0.922149897260773,-0.07508614475138842,-0.0945940337941455,-0.05618228127103139,True
chapman_shaoxing,s4d,733534002|164909002,complete left bundle branch block / left bundle branch block,restricted,0.9972360420121614,0.922149897260773,-0.07508614475138842,-0.0945940337941455,-0.05618228127103139,True
ningbo,s4d,733534002|164909002,complete left bundle branch block / left bundle branch block,as_registered,0.9972360420121614,0.996972403284911,-0.000263638727250437,-0.002460705496414689,0.002322632586429388,False
ningbo,s4d,733534002|164909002,complete left bundle branch block / left bundle branch block,union,0.9972360420121614,0.996972403284911,-0.000263638727250437,-0.002460705496414689,0.002322632586429388,False
ningbo,s4d,733534002|164909002,complete left bundle branch block / left bundle branch block,restricted,0.9972360420121614,0.996972403284911,-0.000263638727250437,-0.002460705496414689,0.002322632586429388,False
chapman_shaoxing,xresnet1d101,713427006|59118001,complete right bundle branch block / right bundle branch block,as_registered,0.997987493090105,0.9768320984466563,-0.021155394643448733,-0.02967800691390218,-0.013784698089040467,True
chapman_shaoxing,xresnet1d101,713427006|59118001,complete right bundle branch block / right bundle branch block,union,0.997987493090105,0.9768320984466563,-0.021155394643448733,-0.02967800691390218,-0.013784698089040467,True
chapman_shaoxing,xresnet1d101,713427006|59118001,complete right bundle branch block / right bundle branch block,restricted,0.997987493090105,0.9768320984466563,-0.021155394643448733,-0.02967800691390218,-0.013784698089040467,True
ningbo,xresnet1d101,713427006|59118001,complete right bundle branch block / right bundle branch block,as_registered,0.997987493090105,0.9947004049297633,-0.0032870881603417335,-0.005980328920949204,-0.0007702624628700216,True
ningbo,xresnet1d101,713427006|59118001,complete right bundle branch block / right bundle branch block,union,0.997987493090105,0.9947004049297633,-0.0032870881603417335,-0.005980328920949204,-0.0007702624628700216,True
ningbo,xresnet1d101,713427006|59118001,complete right bundle branch block / right bundle branch block,restricted,0.997987493090105,0.9947004049297633,-0.0032870881603417335,-0.005980328920949204,-0.0007702624628700216,True
chapman_shaoxing,s4d,713427006|59118001,complete right bundle branch block / right bundle branch block,as_registered,0.9977715588723052,0.9770210313849099,-0.020750527487395254,-0.02902304023812783,-0.013749929438310857,True
chapman_shaoxing,s4d,713427006|59118001,complete right bundle branch block / right bundle branch block,union,0.9977715588723052,0.9770210313849099,-0.020750527487395254,-0.02902304023812783,-0.013749929438310857,True
chapman_shaoxing,s4d,713427006|59118001,complete right bundle branch block / right bundle branch block,restricted,0.9977715588723052,0.9770210313849099,-0.020750527487395254,-0.02902304023812783,-0.013749929438310857,True
ningbo,s4d,713427006|59118001,complete right bundle branch block / right bundle branch block,as_registered,0.9977715588723052,0.9934381938623652,-0.004333365009939971,-0.006873598443457027,-0.001875592611783402,True
ningbo,s4d,713427006|59118001,complete right bundle branch block / right bundle branch block,union,0.9977715588723052,0.9934381938623652,-0.004333365009939971,-0.006873598443457027,-0.001875592611783402,True
ningbo,s4d,713427006|59118001,complete right bundle branch block / right bundle branch block,restricted,0.9977715588723052,0.9934381938623652,-0.004333365009939971,-0.006873598443457027,-0.001875592611783402,True
chapman_shaoxing,xresnet1d101,270492004,1st degree av block,as_registered,0.9796058565958388,0.9725963562753036,-0.007009500320535156,-0.018194578774856952,0.0028709705478291376,False
chapman_shaoxing,xresnet1d101,270492004,1st degree av block,union,0.9796058565958388,0.9725963562753036,-0.007009500320535156,-0.018194578774856952,0.0028709705478291376,False
chapman_shaoxing,xresnet1d101,270492004,1st degree av block,restricted,0.9796058565958388,0.9725963562753036,-0.007009500320535156,-0.018194578774856952,0.0028709705478291376,False
ningbo,xresnet1d101,270492004,1st degree av block,as_registered,0.9796058565958388,0.9729797624947337,-0.00662609410110504,-0.014466999685961593,0.002248766748129943,False
ningbo,xresnet1d101,270492004,1st degree av block,union,0.9796058565958388,0.9729797624947337,-0.00662609410110504,-0.014466999685961593,0.002248766748129943,False
ningbo,xresnet1d101,270492004,1st degree av block,restricted,0.9796058565958388,0.9729797624947337,-0.00662609410110504,-0.014466999685961593,0.002248766748129943,False
chapman_shaoxing,s4d,270492004,1st degree av block,as_registered,0.9794863829965174,0.9643724696356275,-0.015113913360889852,-0.027254721885539575,-0.004439371875583344,True
chapman_shaoxing,s4d,270492004,1st degree av block,union,0.9794863829965174,0.9643724696356275,-0.015113913360889852,-0.027254721885539575,-0.004439371875583344,True
chapman_shaoxing,s4d,270492004,1st degree av block,restricted,0.9794863829965174,0.9643724696356275,-0.015113913360889852,-0.027254721885539575,-0.004439371875583344,True
ningbo,s4d,270492004,1st degree av block,as_registered,0.9794863829965174,0.9574064762598116,-0.02207990673670579,-0.030748233016115546,-0.012854733940602187,True
ningbo,s4d,270492004,1st degree av block,union,0.9794863829965174,0.9574064762598116,-0.02207990673670579,-0.030748233016115546,-0.012854733940602187,True
ningbo,s4d,270492004,1st degree av block,restricted,0.9794863829965174,0.9574064762598116,-0.02207990673670579,-0.030748233016115546,-0.012854733940602187,True
chapman_shaoxing,xresnet1d101,39732003,left axis deviation,as_registered,0.9429663400471784,0.9606576213436365,0.01769128129645814,0.0061458085077070014,0.0308576361228319,True
chapman_shaoxing,xresnet1d101,39732003,left axis deviation,union,0.9429663400471784,0.9606576213436365,0.01769128129645814,0.0061458085077070014,0.0308576361228319,True
chapman_shaoxing,xresnet1d101,39732003,left axis deviation,restricted,0.9429663400471784,0.9606576213436365,0.01769128129645814,0.0061458085077070014,0.0308576361228319,True
ningbo,xresnet1d101,39732003,left axis deviation,as_registered,0.9429663400471784,0.9584617694545525,0.01549542940737414,0.004083409918002451,0.027705565518566174,True
ningbo,xresnet1d101,39732003,left axis deviation,union,0.9429663400471784,0.9584617694545525,0.01549542940737414,0.004083409918002451,0.027705565518566174,True
ningbo,xresnet1d101,39732003,left axis deviation,restricted,0.9429663400471784,0.9584617694545525,0.01549542940737414,0.004083409918002451,0.027705565518566174,True
chapman_shaoxing,s4d,39732003,left axis deviation,as_registered,0.9373502994011976,0.9521583258810699,0.014808026479872227,0.0014262453228389843,0.02826253962275049,True
chapman_shaoxing,s4d,39732003,left axis deviation,union,0.9373502994011976,0.9521583258810699,0.014808026479872227,0.0014262453228389843,0.02826253962275049,True
chapman_shaoxing,s4d,39732003,left axis deviation,restricted,0.9373502994011976,0.9521583258810699,0.014808026479872227,0.0014262453228389843,0.02826253962275049,True
ningbo,s4d,39732003,left axis deviation,as_registered,0.9373502994011976,0.9489062035812393,0.01155590418004171,-0.00033711358657208533,0.024355283180529874,False
ningbo,s4d,39732003,left axis deviation,union,0.9373502994011976,0.9489062035812393,0.01155590418004171,-0.00033711358657208533,0.024355283180529874,False
ningbo,s4d,39732003,left axis deviation,restricted,0.9373502994011976,0.9489062035812393,0.01155590418004171,-0.00033711358657208533,0.024355283180529874,False
chapman_shaoxing,xresnet1d101,698252002,nonspecific intraventricular conduction disorder,as_registered,0.7651029563742152,0.6995150500250763,-0.06558790634913891,-0.13802012262798852,0.012707778092788329,False
chapman_shaoxing,xresnet1d101,698252002,nonspecific intraventricular conduction disorder,union,0.5687488864719976,0.5328574367768562,-0.035891449695141464,-0.10113106594866833,0.025950069124800534,False
chapman_shaoxing,xresnet1d101,698252002,nonspecific intraventricular conduction disorder,restricted,0.7641201241274257,0.6976290808379426,-0.06649104328948308,-0.14039963024332328,0.01000043033830097,False
ningbo,xresnet1d101,698252002,nonspecific intraventricular conduction disorder,as_registered,0.7651029563742152,0.5359400587912658,-0.2291628975829494,-0.29402866981454806,-0.15939679843220922,True
ningbo,xresnet1d101,698252002,nonspecific intraventricular conduction disorder,union,0.5687488864719976,0.4432198185945287,-0.12552906787746893,-0.18998122557566366,-0.06906531741672312,True
ningbo,xresnet1d101,698252002,nonspecific intraventricular conduction disorder,restricted,0.7641201241274257,0.5359000709712509,-0.22822005315617477,-0.29402670267789316,-0.15868742316148265,True
chapman_shaoxing,s4d,698252002,nonspecific intraventricular conduction disorder,as_registered,0.7527971756441121,0.7280913967069305,-0.02470577893718162,-0.09771258692377005,0.04707356857331066,False
chapman_shaoxing,s4d,698252002,nonspecific intraventricular conduction disorder,union,0.565829116330769,0.5760994244241201,0.010270308093351055,-0.06019117369366875,0.0744592312875284,False
chapman_shaoxing,s4d,698252002,nonspecific intraventricular conduction disorder,restricted,0.7535264903788657,0.7268764106109734,-0.026650079767892243,-0.0995251165263725,0.04619887825583363,False
ningbo,s4d,698252002,nonspecific intraventricular conduction disorder,as_registered,0.7527971756441121,0.6193032390348296,-0.13349393660928244,-0.19808121294211664,-0.0635849556104422,True
ningbo,s4d,698252002,nonspecific intraventricular conduction disorder,union,0.565829116330769,0.5164172315771506,-0.04941188475361846,-0.11626428455055537,0.01104907295962569,False
ningbo,s4d,698252002,nonspecific intraventricular conduction disorder,restricted,0.7535264903788657,0.6207075362070851,-0.13281895417178058,-0.19796535712584667,-0.06339323437189809,True
chapman_shaoxing,xresnet1d101,426783006,sinus rhythm,as_registered,0.9377444998481912,0.8484528196017544,-0.08929168024643674,-0.10470962576561618,-0.07301834257664751,True
chapman_shaoxing,xresnet1d101,426783006,sinus rhythm,union,0.9187847899949396,0.9718226572779713,0.053037867283031725,0.03531095589754138,0.07152474799051875,True
chapman_shaoxing,xresnet1d101,426783006,sinus rhythm,restricted,0.9364808798778818,0.9981100330656449,0.061629153187763186,0.04541138062389008,0.07872567276311475,True
ningbo,xresnet1d101,426783006,sinus rhythm,as_registered,0.9377444998481912,0.8159859630650216,-0.12175853678316961,-0.13629780546843384,-0.10609838371737433,True
ningbo,xresnet1d101,426783006,sinus rhythm,union,0.9187847899949396,0.8663132316596169,-0.05247155833532269,-0.07029572580402443,-0.033983234858741516,True
ningbo,xresnet1d101,426783006,sinus rhythm,restricted,0.9364808798778818,0.9297987292575787,-0.0066821506203030845,-0.02338283603481923,0.010360514651266188,False
chapman_shaoxing,s4d,426783006,sinus rhythm,as_registered,0.9313444426279281,0.8504059311378364,-0.08093851149009179,-0.09717096087334555,-0.06462453367742878,True
chapman_shaoxing,s4d,426783006,sinus rhythm,union,0.912276801850647,0.9580749116636583,0.045798109813011356,0.027599099580237874,0.0654915199000451,True
chapman_shaoxing,s4d,426783006,sinus rhythm,restricted,0.9325766174801362,0.9973342024705373,0.06475758499040107,0.04848601541102,0.08235651834551141,True
ningbo,s4d,426783006,sinus rhythm,as_registered,0.9313444426279281,0.81905241221069,-0.11229203041723812,-0.12740865618135533,-0.09601754822761356,True
ningbo,s4d,426783006,sinus rhythm,union,0.912276801850647,0.8524395540492294,-0.059837247801417526,-0.07750776243119452,-0.04040932300920793,True
ningbo,s4d,426783006,sinus rhythm,restricted,0.9325766174801362,0.9294694646129606,-0.0031071528671755555,-0.01945256573548534,0.014493415121061615,False
chapman_shaoxing,xresnet1d101,284470004|63593006,premature atrial contraction / supraventricular premature beats,as_registered,0.9047125483692647,0.8561817223752329,-0.0485308259940318,-0.09446844497663746,0.004642208247360868,False
chapman_shaoxing,xresnet1d101,284470004|63593006,premature atrial contraction / supraventricular premature beats,union,0.9047125483692647,0.8561817223752329,-0.0485308259940318,-0.09446844497663746,0.004642208247360868,False
chapman_shaoxing,xresnet1d101,284470004|63593006,premature atrial contraction / supraventricular premature beats,restricted,0.9047125483692647,0.8561817223752329,-0.0485308259940318,-0.09446844497663746,0.004642208247360868,False
ningbo,xresnet1d101,284470004|63593006,premature atrial contraction / supraventricular premature beats,as_registered,0.9047125483692647,0.870546907623346,-0.03416564074591877,-0.07396190700161331,0.015178867360115597,False
ningbo,xresnet1d101,284470004|63593006,premature atrial contraction / supraventricular premature beats,union,0.9047125483692647,0.870546907623346,-0.03416564074591877,-0.07396190700161331,0.015178867360115597,False
ningbo,xresnet1d101,284470004|63593006,premature atrial contraction / supraventricular premature beats,restricted,0.9047125483692647,0.870546907623346,-0.03416564074591877,-0.07396190700161331,0.015178867360115597,False
chapman_shaoxing,s4d,284470004|63593006,premature atrial contraction / supraventricular premature beats,as_registered,0.8851661829740188,0.8289032664613245,-0.05626291651269433,-0.11007267169978238,-0.00026509887519194974,True
chapman_shaoxing,s4d,284470004|63593006,premature atrial contraction / supraventricular premature beats,union,0.8851661829740188,0.8289032664613245,-0.05626291651269433,-0.11007267169978238,-0.00026509887519194974,True
chapman_shaoxing,s4d,284470004|63593006,premature atrial contraction / supraventricular premature beats,restricted,0.8851661829740188,0.8289032664613245,-0.05626291651269433,-0.11007267169978238,-0.00026509887519194974,True
ningbo,s4d,284470004|63593006,premature atrial contraction / supraventricular premature beats,as_registered,0.8851661829740188,0.8322135491793167,-0.052952633794702164,-0.09957624473560399,0.001816642052727263,False
ningbo,s4d,284470004|63593006,premature atrial contraction / supraventricular premature beats,union,0.8851661829740188,0.8322135491793167,-0.052952633794702164,-0.09957624473560399,0.001816642052727263,False
ningbo,s4d,284470004|63593006,premature atrial contraction / supraventricular premature beats,restricted,0.8851661829740188,0.8322135491793167,-0.052952633794702164,-0.09957624473560399,0.001816642052727263,False
chapman_shaoxing,xresnet1d101,164917005,qwave abnormal,as_registered,0.8331650617231579,0.8245756156442057,-0.008589446078952179,-0.06825578475181493,0.05440457010869693,False
chapman_shaoxing,xresnet1d101,164917005,qwave abnormal,union,0.8331650617231579,0.8245756156442057,-0.008589446078952179,-0.06825578475181493,0.05440457010869693,False
chapman_shaoxing,xresnet1d101,164917005,qwave abnormal,restricted,0.8331650617231579,0.8245756156442057,-0.008589446078952179,-0.06825578475181493,0.05440457010869693,False
ningbo,xresnet1d101,164917005,qwave abnormal,as_registered,0.8331650617231579,0.8283298168583539,-0.0048352448648039115,-0.061327508031727644,0.05377418420354562,False
ningbo,xresnet1d101,164917005,qwave abnormal,union,0.8331650617231579,0.8283298168583539,-0.0048352448648039115,-0.061327508031727644,0.05377418420354562,False
ningbo,xresnet1d101,164917005,qwave abnormal,restricted,0.8331650617231579,0.8283298168583539,-0.0048352448648039115,-0.061327508031727644,0.05377418420354562,False
chapman_shaoxing,s4d,164917005,qwave abnormal,as_registered,0.8360497178975947,0.8103573584039578,-0.025692359493636907,-0.08671559505543709,0.042806503438437456,False
chapman_shaoxing,s4d,164917005,qwave abnormal,union,0.8360497178975947,0.8103573584039578,-0.025692359493636907,-0.08671559505543709,0.042806503438437456,False
chapman_shaoxing,s4d,164917005,qwave abnormal,restricted,0.8360497178975947,0.8103573584039578,-0.025692359493636907,-0.08671559505543709,0.042806503438437456,False
ningbo,s4d,164917005,qwave abnormal,as_registered,0.8360497178975947,0.8141423890963616,-0.02190732880123314,-0.07902502139089498,0.044754029901637814,False
ningbo,s4d,164917005,qwave abnormal,union,0.8360497178975947,0.8141423890963616,-0.02190732880123314,-0.07902502139089498,0.044754029901637814,False
ningbo,s4d,164917005,qwave abnormal,restricted,0.8360497178975947,0.8141423890963616,-0.02190732880123314,-0.07902502139089498,0.044754029901637814,False
chapman_shaoxing,xresnet1d101,47665007,right axis deviation,as_registered,0.9942626434339141,0.9710424316605467,-0.023220211773367416,-0.03268827521695633,-0.013370737603180482,True
chapman_shaoxing,xresnet1d101,47665007,right axis deviation,union,0.9942626434339141,0.9710424316605467,-0.023220211773367416,-0.03268827521695633,-0.013370737603180482,True
chapman_shaoxing,xresnet1d101,47665007,right axis deviation,restricted,0.9942626434339141,0.9710424316605467,-0.023220211773367416,-0.03268827521695633,-0.013370737603180482,True
ningbo,xresnet1d101,47665007,right axis deviation,as_registered,0.9942626434339141,0.9665502503711175,-0.027712393062796603,-0.033875349557981244,-0.019148092613707784,True
ningbo,xresnet1d101,47665007,right axis deviation,union,0.9942626434339141,0.9665502503711175,-0.027712393062796603,-0.033875349557981244,-0.019148092613707784,True
ningbo,xresnet1d101,47665007,right axis deviation,restricted,0.9942626434339141,0.9665502503711175,-0.027712393062796603,-0.033875349557981244,-0.019148092613707784,True
chapman_shaoxing,s4d,47665007,right axis deviation,as_registered,0.9906856495254285,0.9686153147138459,-0.022070334811582604,-0.03224228190897973,-0.01035432235517039,True
chapman_shaoxing,s4d,47665007,right axis deviation,union,0.9906856495254285,0.9686153147138459,-0.022070334811582604,-0.03224228190897973,-0.01035432235517039,True
chapman_shaoxing,s4d,47665007,right axis deviation,restricted,0.9906856495254285,0.9686153147138459,-0.022070334811582604,-0.03224228190897973,-0.01035432235517039,True
ningbo,s4d,47665007,right axis deviation,as_registered,0.9906856495254285,0.9631366185495371,-0.027549030975891342,-0.035062194869604726,-0.017384606772907735,True
ningbo,s4d,47665007,right axis deviation,union,0.9906856495254285,0.9631366185495371,-0.027549030975891342,-0.035062194869604726,-0.017384606772907735,True
ningbo,s4d,47665007,right axis deviation,restricted,0.9906856495254285,0.9631366185495371,-0.027549030975891342,-0.035062194869604726,-0.017384606772907735,True
chapman_shaoxing,xresnet1d101,426177001,sinus bradycardia,as_registered,0.9564711223055296,0.9821747419808138,0.02570361967528423,0.00524937999203397,0.05322578152796924,True
chapman_shaoxing,xresnet1d101,426177001,sinus bradycardia,union,0.9564711223055296,0.9821747419808138,0.02570361967528423,0.00524937999203397,0.05322578152796924,True
chapman_shaoxing,xresnet1d101,426177001,sinus bradycardia,restricted,0.9564711223055296,0.9821747419808138,0.02570361967528423,0.00524937999203397,0.05322578152796924,True
ningbo,xresnet1d101,426177001,sinus bradycardia,as_registered,0.9564711223055296,0.9653671275953974,0.008896005289867892,-0.01185551856087369,0.03653314233143883,False
ningbo,xresnet1d101,426177001,sinus bradycardia,union,0.9564711223055296,0.9653671275953974,0.008896005289867892,-0.01185551856087369,0.03653314233143883,False
ningbo,xresnet1d101,426177001,sinus bradycardia,restricted,0.9564711223055296,0.9653671275953974,0.008896005289867892,-0.01185551856087369,0.03653314233143883,False
chapman_shaoxing,s4d,426177001,sinus bradycardia,as_registered,0.9576279873477038,0.9799046859569797,0.022276698609275836,0.002817595226404465,0.04874163476839588,True
chapman_shaoxing,s4d,426177001,sinus bradycardia,union,0.9576279873477038,0.9799046859569797,0.022276698609275836,0.002817595226404465,0.04874163476839588,True
chapman_shaoxing,s4d,426177001,sinus bradycardia,restricted,0.9576279873477038,0.9799046859569797,0.022276698609275836,0.002817595226404465,0.04874163476839588,True
ningbo,s4d,426177001,sinus bradycardia,as_registered,0.9576279873477038,0.9669534883266905,0.009325500978986656,-0.009428460734109386,0.03574743364698644,False
ningbo,s4d,426177001,sinus bradycardia,union,0.9576279873477038,0.9669534883266905,0.009325500978986656,-0.009428460734109386,0.03574743364698644,False
ningbo,s4d,426177001,sinus bradycardia,restricted,0.9576279873477038,0.9669534883266905,0.009325500978986656,-0.009428460734109386,0.03574743364698644,False
chapman_shaoxing,xresnet1d101,427084000,sinus tachycardia,as_registered,0.995124256535571,0.9946157861692897,-0.0005084703662813217,-0.00464265087550329,0.0053650320534258285,False
chapman_shaoxing,xresnet1d101,427084000,sinus tachycardia,union,0.995124256535571,0.9946157861692897,-0.0005084703662813217,-0.00464265087550329,0.0053650320534258285,False
chapman_shaoxing,xresnet1d101,427084000,sinus tachycardia,restricted,0.995124256535571,0.9946157861692897,-0.0005084703662813217,-0.00464265087550329,0.0053650320534258285,False
ningbo,xresnet1d101,427084000,sinus tachycardia,as_registered,0.995124256535571,0.9880769859115128,-0.007047270624058188,-0.010749942699704371,-0.0016369648667439876,True
ningbo,xresnet1d101,427084000,sinus tachycardia,union,0.995124256535571,0.9880769859115128,-0.007047270624058188,-0.010749942699704371,-0.0016369648667439876,True
ningbo,xresnet1d101,427084000,sinus tachycardia,restricted,0.995124256535571,0.9880769859115128,-0.007047270624058188,-0.010749942699704371,-0.0016369648667439876,True
chapman_shaoxing,s4d,427084000,sinus tachycardia,as_registered,0.9945709806814514,0.991733873812228,-0.002837106869223449,-0.006612946479047152,0.001896551520932591,False
chapman_shaoxing,s4d,427084000,sinus tachycardia,union,0.9945709806814514,0.991733873812228,-0.002837106869223449,-0.006612946479047152,0.001896551520932591,False
chapman_shaoxing,s4d,427084000,sinus tachycardia,restricted,0.9945709806814514,0.991733873812228,-0.002837106869223449,-0.006612946479047152,0.001896551520932591,False
ningbo,s4d,427084000,sinus tachycardia,as_registered,0.9945709806814514,0.9863009983837173,-0.008269982297734124,-0.011786972436508536,-0.00358487915909617,True
ningbo,s4d,427084000,sinus tachycardia,union,0.9945709806814514,0.9863009983837173,-0.008269982297734124,-0.011786972436508536,-0.00358487915909617,True
ningbo,s4d,427084000,sinus tachycardia,restricted,0.9945709806814514,0.9863009983837173,-0.008269982297734124,-0.011786972436508536,-0.00358487915909617,True
chapman_shaoxing,xresnet1d101,164934002,t wave abnormal,as_registered,0.9195095702467334,0.7576116932276346,-0.16189787701909886,-0.18261669716333634,-0.14058144880908438,True
chapman_shaoxing,xresnet1d101,164934002,t wave abnormal,union,0.9081408373951743,0.7462469445798857,-0.16189389281528854,-0.18334407466775024,-0.13982651884234013,True
chapman_shaoxing,xresnet1d101,164934002,t wave abnormal,restricted,0.9203608141775104,0.7643905102703005,-0.1559703039072099,-0.1765025139244345,-0.1341135389539189,True
ningbo,xresnet1d101,164934002,t wave abnormal,as_registered,0.9195095702467334,0.7712122747031058,-0.14829729554362758,-0.16715390003648944,-0.12727117834030355,True
ningbo,xresnet1d101,164934002,t wave abnormal,union,0.9081408373951743,0.7464786723728765,-0.1616621650222978,-0.18085099431845056,-0.14063791521368496,True
ningbo,xresnet1d101,164934002,t wave abnormal,restricted,0.9203608141775104,0.8019589105500586,-0.11840190362745173,-0.13754544707592456,-0.0970878054902361,True
chapman_shaoxing,s4d,164934002,t wave abnormal,as_registered,0.9155392988641591,0.7606146231825327,-0.15492467568162638,-0.1768156993764871,-0.13249561810625507,True
chapman_shaoxing,s4d,164934002,t wave abnormal,union,0.9063586731656121,0.7467607813515426,-0.15959789181406958,-0.18170968857807082,-0.1377807296663941,True
chapman_shaoxing,s4d,164934002,t wave abnormal,restricted,0.9161501008840448,0.7669359789798896,-0.14921412190415517,-0.17116534077249873,-0.12635259631095158,True
ningbo,s4d,164934002,t wave abnormal,as_registered,0.9155392988641591,0.7785897717428292,-0.1369495271213299,-0.15637343420559172,-0.11653183335541636,True
ningbo,s4d,164934002,t wave abnormal,union,0.9063586731656121,0.7445213489203366,-0.16183732424527553,-0.1812511806745156,-0.14081586102680616,True
ningbo,s4d,164934002,t wave abnormal,restricted,0.9161501008840448,0.8047350244815972,-0.11141507640244763,-0.13167954359397582,-0.08966352120528077,True
chapman_shaoxing,xresnet1d101,59931005,t wave inversion,as_registered,0.958633408053926,0.8532645679331873,-0.10536884012073877,-0.1389310123918701,-0.07190630341977194,True
chapman_shaoxing,xresnet1d101,59931005,t wave inversion,union,0.7268485160404872,0.8032069709190148,0.07635845487852766,0.044297531572134806,0.10902620644046646,True
chapman_shaoxing,xresnet1d101,59931005,t wave inversion,restricted,0.9607136730142392,0.9037266910320152,-0.05698698198222396,-0.09471124555230341,-0.020492003175829904,True
ningbo,xresnet1d101,59931005,t wave inversion,as_registered,0.958633408053926,0.8648471954417933,-0.09378621261213271,-0.11178853337731841,-0.07399019513731604,True
ningbo,xresnet1d101,59931005,t wave inversion,union,0.7268485160404872,0.7969178813098736,0.07006936526938645,0.038921828291314416,0.10036586817572618,True
ningbo,xresnet1d101,59931005,t wave inversion,restricted,0.9607136730142392,0.8728224197617609,-0.08789125325247826,-0.10774583949995502,-0.06633792434133808,True
chapman_shaoxing,s4d,59931005,t wave inversion,as_registered,0.9552312363873389,0.8509276385145158,-0.10430359787282306,-0.14220107374817192,-0.07096900863279423,True
chapman_shaoxing,s4d,59931005,t wave inversion,union,0.7439173301847759,0.8207529691147156,0.07683563892993972,0.04402664518064816,0.10892093266392966,True
chapman_shaoxing,s4d,59931005,t wave inversion,restricted,0.9618287870989878,0.8944374019075214,-0.06739138519146637,-0.10987501305993518,-0.028380817775143646,True
ningbo,s4d,59931005,t wave inversion,as_registered,0.9552312363873389,0.8763844136380667,-0.07884682274927213,-0.09397140946113534,-0.0637247784048107,True
ningbo,s4d,59931005,t wave inversion,union,0.7439173301847759,0.8177840921104126,0.07386676192563668,0.0424836523173704,0.10607210566982928,True
ningbo,s4d,59931005,t wave inversion,restricted,0.9618287870989878,0.8938855592960037,-0.06794322780298412,-0.08203121357128274,-0.052404134572521584,True
