cohort,architecture,label_key,diagnosis,estimand,competing_labels,records_evaluated,positives,prevalence,auroc,auroc_lower_95,auroc_upper_95
ptb_test,xresnet1d101,733534002|164909002,complete left bundle branch block / left bundle branch block,as_registered,,2198,54,0.02456778889899909,0.9971755804311775,0.9935451200887805,0.9993339845904161
ptb_test,xresnet1d101,733534002|164909002,complete left bundle branch block / left bundle branch block,union,,2198,54,0.02456778889899909,0.9971755804311775,0.9935451200887805,0.9993339845904161
ptb_test,xresnet1d101,733534002|164909002,complete left bundle branch block / left bundle branch block,restricted,,2198,54,0.02456778889899909,0.9971755804311775,0.9935451200887805,0.9993339845904161
ptb_test,s4d,733534002|164909002,complete left bundle branch block / left bundle branch block,as_registered,,2198,54,0.02456778889899909,0.9972360420121614,0.9948785148460985,0.9988902490849112
ptb_test,s4d,733534002|164909002,complete left bundle branch block / left bundle branch block,union,,2198,54,0.02456778889899909,0.9972360420121614,0.9948785148460985,0.9988902490849112
ptb_test,s4d,733534002|164909002,complete left bundle branch block / left bundle branch block,restricted,,2198,54,0.02456778889899909,0.9972360420121614,0.9948785148460985,0.9988902490849112
ptb_test,xresnet1d101,713427006|59118001,complete right bundle branch block / right bundle branch block,as_registered,,2198,54,0.02456778889899909,0.997987493090105,0.9961869619624404,0.9992713331575476
ptb_test,xresnet1d101,713427006|59118001,complete right bundle branch block / right bundle branch block,union,,2198,54,0.02456778889899909,0.997987493090105,0.9961869619624404,0.9992713331575476
ptb_test,xresnet1d101,713427006|59118001,complete right bundle branch block / right bundle branch block,restricted,,2198,54,0.02456778889899909,0.997987493090105,0.9961869619624404,0.9992713331575476
ptb_test,s4d,713427006|59118001,complete right bundle branch block / right bundle branch block,as_registered,,2198,54,0.02456778889899909,0.9977715588723052,0.9959828889849928,0.9991791471434017
ptb_test,s4d,713427006|59118001,complete right bundle branch block / right bundle branch block,union,,2198,54,0.02456778889899909,0.9977715588723052,0.9959828889849928,0.9991791471434017
ptb_test,s4d,713427006|59118001,complete right bundle branch block / right bundle branch block,restricted,,2198,54,0.02456778889899909,0.9977715588723052,0.9959828889849928,0.9991791471434017
ptb_test,xresnet1d101,270492004,1st degree av block,as_registered,,2198,79,0.0359417652411283,0.9796058565958388,0.9716902062183639,0.9861318699864096
ptb_test,xresnet1d101,270492004,1st degree av block,union,,2198,79,0.0359417652411283,0.9796058565958388,0.9716902062183639,0.9861318699864096
ptb_test,xresnet1d101,270492004,1st degree av block,restricted,,2198,79,0.0359417652411283,0.9796058565958388,0.9716902062183639,0.9861318699864096
ptb_test,s4d,270492004,1st degree av block,as_registered,,2198,79,0.0359417652411283,0.9794863829965174,0.9720447839024838,0.9862372400001734
ptb_test,s4d,270492004,1st degree av block,union,,2198,79,0.0359417652411283,0.9794863829965174,0.9720447839024838,0.9862372400001734
ptb_test,s4d,270492004,1st degree av block,restricted,,2198,79,0.0359417652411283,0.9794863829965174,0.9720447839024838,0.9862372400001734
ptb_test,xresnet1d101,39732003,left axis deviation,as_registered,,2198,528,0.24021838034576887,0.9429663400471784,0.9308757489509359,0.953665836240266
ptb_test,xresnet1d101,39732003,left axis deviation,union,,2198,528,0.24021838034576887,0.9429663400471784,0.9308757489509359,0.953665836240266
ptb_test,xresnet1d101,39732003,left axis deviation,restricted,,2198,528,0.24021838034576887,0.9429663400471784,0.9308757489509359,0.953665836240266
ptb_test,s4d,39732003,left axis deviation,as_registered,,2198,528,0.24021838034576887,0.9373502994011976,0.9252056244850034,0.9481704312108523
ptb_test,s4d,39732003,left axis deviation,union,,2198,528,0.24021838034576887,0.9373502994011976,0.9252056244850034,0.9481704312108523
ptb_test,s4d,39732003,left axis deviation,restricted,,2198,528,0.24021838034576887,0.9373502994011976,0.9252056244850034,0.9481704312108523
ptb_test,xresnet1d101,698252002,nonspecific intraventricular conduction disorder,as_registered,complete left bundle branch block / left bundle branch block;complete right bundle branch block / right bundle branch block,2198,79,0.0359417652411283,0.7651029563742152,0.6981167815699808,0.8254895444177727
ptb_test,xresnet1d101,698252002,nonspecific intraventricular conduction disorder,union,complete left bundle branch block / left bundle branch block;complete right bundle branch block / right bundle branch block,2198,187,0.08507734303912648,0.5687488864719976,0.5114283198680349,0.6315250433710836
ptb_test,xresnet1d101,698252002,nonspecific intraventricular conduction disorder,restricted,complete left bundle branch block / left bundle branch block;complete right bundle branch block / right bundle branch block,2090,79,0.03779904306220096,0.7641201241274257,0.6974864917816307,0.8258109825222745
ptb_test,s4d,698252002,nonspecific intraventricular conduction disorder,as_registered,complete left bundle branch block / left bundle branch block;complete right bundle branch block / right bundle branch block,2198,79,0.0359417652411283,0.7527971756441121,0.6903311387018578,0.8119014516769474
ptb_test,s4d,698252002,nonspecific intraventricular conduction disorder,union,complete left bundle branch block / left bundle branch block;complete right bundle branch block / right bundle branch block,2198,187,0.08507734303912648,0.565829116330769,0.5061111911573205,0.6299978726661297
ptb_test,s4d,698252002,nonspecific intraventricular conduction disorder,restricted,complete left bundle branch block / left bundle branch block;complete right bundle branch block / right bundle branch block,2090,79,0.03779904306220096,0.7535264903788657,0.6892575386537325,0.8132969796206887
ptb_test,xresnet1d101,426783006,sinus rhythm,as_registered,sinus bradycardia;sinus tachycardia,2198,1822,0.8289353958143767,0.9377444998481912,0.9238322671531822,0.9515666530079637
ptb_test,xresnet1d101,426783006,sinus rhythm,union,sinus bradycardia;sinus tachycardia,2198,1908,0.8680618744313012,0.9187847899949396,0.9004183025328543,0.9364134305152385
ptb_test,xresnet1d101,426783006,sinus rhythm,restricted,sinus bradycardia;sinus tachycardia,2052,1762,0.8586744639376218,0.9364808798778818,0.9193924045620705,0.9527338222478926
ptb_test,s4d,426783006,sinus rhythm,as_registered,sinus bradycardia;sinus tachycardia,2198,1822,0.8289353958143767,0.9313444426279281,0.9162180009556227,0.9453428234555777
ptb_test,s4d,426783006,sinus rhythm,union,sinus bradycardia;sinus tachycardia,2198,1908,0.8680618744313012,0.912276801850647,0.8928285104397556,0.9302945189353278
ptb_test,s4d,426783006,sinus rhythm,restricted,sinus bradycardia;sinus tachycardia,2052,1762,0.8586744639376218,0.9325766174801362,0.9151262020232684,0.9488726284094124
ptb_test,xresnet1d101,284470004|63593006,premature atrial contraction / supraventricular premature beats,as_registered,,2198,54,0.02456778889899909,0.9047125483692647,0.8566795789583934,0.942958156162678
ptb_test,xresnet1d101,284470004|63593006,premature atrial contraction / supraventricular premature beats,union,,2198,54,0.02456778889899909,0.9047125483692647,0.8566795789583934,0.942958156162678
ptb_test,xresnet1d101,284470004|63593006,premature atrial contraction / supraventricular premature beats,restricted,,2198,54,0.02456778889899909,0.9047125483692647,0.8566795789583934,0.942958156162678
ptb_test,s4d,284470004|63593006,premature atrial contraction / supraventricular premature beats,as_registered,,2198,54,0.02456778889899909,0.8851661829740188,0.8329302124270167,0.9303046813619064
ptb_test,s4d,284470004|63593006,premature atrial contraction / supraventricular premature beats,union,,2198,54,0.02456778889899909,0.8851661829740188,0.8329302124270167,0.9303046813619064
ptb_test,s4d,284470004|63593006,premature atrial contraction / supraventricular premature beats,restricted,,2198,54,0.02456778889899909,0.8851661829740188,0.8329302124270167,0.9303046813619064
ptb_test,xresnet1d101,164917005,qwave abnormal,as_registered,,2198,55,0.02502274795268426,0.8331650617231579,0.7738301975080718,0.8865782440349276
ptb_test,xresnet1d101,164917005,qwave abnormal,union,,2198,55,0.02502274795268426,0.8331650617231579,0.7738301975080718,0.8865782440349276
ptb_test,xresnet1d101,164917005,qwave abnormal,restricted,,2198,55,0.02502274795268426,0.8331650617231579,0.7738301975080718,0.8865782440349276
ptb_test,s4d,164917005,qwave abnormal,as_registered,,2198,55,0.02502274795268426,0.8360497178975947,0.7728214986272126,0.8897616175906247
ptb_test,s4d,164917005,qwave abnormal,union,,2198,55,0.02502274795268426,0.8360497178975947,0.7728214986272126,0.8897616175906247
ptb_test,s4d,164917005,qwave abnormal,restricted,,2198,55,0.02502274795268426,0.8360497178975947,0.7728214986272126,0.8897616175906247
ptb_test,xresnet1d101,47665007,right axis deviation,as_registered,,2198,26,0.011828935395814377,0.9942626434339141,0.987380596344144,0.9987134267175566
ptb_test,xresnet1d101,47665007,right axis deviation,union,,2198,26,0.011828935395814377,0.9942626434339141,0.987380596344144,0.9987134267175566
ptb_test,xresnet1d101,47665007,right axis deviation,restricted,,2198,26,0.011828935395814377,0.9942626434339141,0.987380596344144,0.9987134267175566
ptb_test,s4d,47665007,right axis deviation,as_registered,,2198,26,0.011828935395814377,0.9906856495254285,0.9811710058738224,0.997055999263564
ptb_test,s4d,47665007,right axis deviation,union,,2198,26,0.011828935395814377,0.9906856495254285,0.9811710058738224,0.997055999263564
ptb_test,s4d,47665007,right axis deviation,restricted,,2198,26,0.011828935395814377,0.9906856495254285,0.9811710058738224,0.997055999263564
ptb_test,xresnet1d101,426177001,sinus bradycardia,as_registered,,2198,64,0.029117379435850774,0.9564711223055296,0.9297583190621966,0.9768459698955206
ptb_test,xresnet1d101,426177001,sinus bradycardia,union,,2198,64,0.029117379435850774,0.9564711223055296,0.9297583190621966,0.9768459698955206
ptb_test,xresnet1d101,426177001,sinus bradycardia,restricted,,2198,64,0.029117379435850774,0.9564711223055296,0.9297583190621966,0.9768459698955206
ptb_test,s4d,426177001,sinus bradycardia,as_registered,,2198,64,0.029117379435850774,0.9576279873477038,0.9311604670764302,0.976507798638597
ptb_test,s4d,426177001,sinus bradycardia,union,,2198,64,0.029117379435850774,0.9576279873477038,0.9311604670764302,0.976507798638597
ptb_test,s4d,426177001,sinus bradycardia,restricted,,2198,64,0.029117379435850774,0.9576279873477038,0.9311604670764302,0.976507798638597
ptb_test,xresnet1d101,427084000,sinus tachycardia,as_registered,,2198,82,0.0373066424021838,0.995124256535571,0.9896627391492564,0.9986389738774616
ptb_test,xresnet1d101,427084000,sinus tachycardia,union,,2198,82,0.0373066424021838,0.995124256535571,0.9896627391492564,0.9986389738774616
ptb_test,xresnet1d101,427084000,sinus tachycardia,restricted,,2198,82,0.0373066424021838,0.995124256535571,0.9896627391492564,0.9986389738774616
ptb_test,s4d,427084000,sinus tachycardia,as_registered,,2198,82,0.0373066424021838,0.9945709806814514,0.9900204182353434,0.9979657740252049
ptb_test,s4d,427084000,sinus tachycardia,union,,2198,82,0.0373066424021838,0.9945709806814514,0.9900204182353434,0.9979657740252049
ptb_test,s4d,427084000,sinus tachycardia,restricted,,2198,82,0.0373066424021838,0.9945709806814514,0.9900204182353434,0.9979657740252049
ptb_test,xresnet1d101,164934002,t wave abnormal,as_registered,t wave inversion,2198,231,0.10509554140127389,0.9195095702467334,0.900461950179487,0.9366458475873488
ptb_test,xresnet1d101,164934002,t wave abnormal,union,t wave inversion,2198,255,0.11601455868971793,0.9081408373951743,0.8892629304747985,0.925834637907004
ptb_test,xresnet1d101,164934002,t wave abnormal,restricted,t wave inversion,2169,226,0.10419548178884279,0.9203608141775104,0.9011139040724077,0.9375220123223119
ptb_test,s4d,164934002,t wave abnormal,as_registered,t wave inversion,2198,231,0.10509554140127389,0.9155392988641591,0.8958540960700337,0.9328526125023808
ptb_test,s4d,164934002,t wave abnormal,union,t wave inversion,2198,255,0.11601455868971793,0.9063586731656121,0.8876720423495631,0.9236790291281798
ptb_test,s4d,164934002,t wave abnormal,restricted,t wave inversion,2169,226,0.10419548178884279,0.9161501008840448,0.8959021411573062,0.9333944195071869
ptb_test,xresnet1d101,59931005,t wave inversion,as_registered,t wave abnormal,2198,29,0.013193812556869881,0.958633408053926,0.9396082306365962,0.9751205180481791
ptb_test,xresnet1d101,59931005,t wave inversion,union,t wave abnormal,2198,255,0.11601455868971793,0.7268485160404872,0.6967833255565127,0.7571095585128387
ptb_test,xresnet1d101,59931005,t wave inversion,restricted,t wave abnormal,1967,24,0.012201321809862735,0.9607136730142392,0.9403556615109085,0.9777268960324116
ptb_test,s4d,59931005,t wave inversion,as_registered,t wave abnormal,2198,29,0.013193812556869881,0.9552312363873389,0.9410872338189915,0.9691755115884718
ptb_test,s4d,59931005,t wave inversion,union,t wave abnormal,2198,255,0.11601455868971793,0.7439173301847759,0.7124381074594118,0.7744468794263094
ptb_test,s4d,59931005,t wave inversion,restricted,t wave abnormal,1967,24,0.012201321809862735,0.9618287870989878,0.9477942692191322,0.9744171175786506
chapman_shaoxing,xresnet1d101,733534002|164909002,complete left bundle branch block / left bundle branch block,as_registered,,10247,205,0.02000585537230409,0.8975221144364401,0.8725396703916387,0.9212994065558685
chapman_shaoxing,xresnet1d101,733534002|164909002,complete left bundle branch block / left bundle branch block,union,,10247,205,0.02000585537230409,0.8975221144364401,0.8725396703916387,0.9212994065558685
chapman_shaoxing,xresnet1d101,733534002|164909002,complete left bundle branch block / left bundle branch block,restricted,,10247,205,0.02000585537230409,0.8975221144364401,0.8725396703916387,0.9212994065558685
chapman_shaoxing,s4d,733534002|164909002,complete left bundle branch block / left bundle branch block,as_registered,,10247,205,0.02000585537230409,0.922149897260773,0.9026054163097457,0.9408369285893552
chapman_shaoxing,s4d,733534002|164909002,complete left bundle branch block / left bundle branch block,union,,10247,205,0.02000585537230409,0.922149897260773,0.9026054163097457,0.9408369285893552
chapman_shaoxing,s4d,733534002|164909002,complete left bundle branch block / left bundle branch block,restricted,,10247,205,0.02000585537230409,0.922149897260773,0.9026054163097457,0.9408369285893552
chapman_shaoxing,xresnet1d101,713427006|59118001,complete right bundle branch block / right bundle branch block,as_registered,,10247,454,0.044305650434273446,0.9768320984466563,0.9685084494261651,0.984275580463185
chapman_shaoxing,xresnet1d101,713427006|59118001,complete right bundle branch block / right bundle branch block,union,,10247,454,0.044305650434273446,0.9768320984466563,0.9685084494261651,0.984275580463185
chapman_shaoxing,xresnet1d101,713427006|59118001,complete right bundle branch block / right bundle branch block,restricted,,10247,454,0.044305650434273446,0.9768320984466563,0.9685084494261651,0.984275580463185
chapman_shaoxing,s4d,713427006|59118001,complete right bundle branch block / right bundle branch block,as_registered,,10247,454,0.044305650434273446,0.9770210313849099,0.9690690345233721,0.9839319455327259
chapman_shaoxing,s4d,713427006|59118001,complete right bundle branch block / right bundle branch block,union,,10247,454,0.044305650434273446,0.9770210313849099,0.9690690345233721,0.9839319455327259
chapman_shaoxing,s4d,713427006|59118001,complete right bundle branch block / right bundle branch block,restricted,,10247,454,0.044305650434273446,0.9770210313849099,0.9690690345233721,0.9839319455327259
chapman_shaoxing,xresnet1d101,270492004,1st degree av block,as_registered,,10247,247,0.02410461598516639,0.9725963562753036,0.9641052146975191,0.9798479674006683
chapman_shaoxing,xresnet1d101,270492004,1st degree av block,union,,10247,247,0.02410461598516639,0.9725963562753036,0.9641052146975191,0.9798479674006683
chapman_shaoxing,xresnet1d101,270492004,1st degree av block,restricted,,10247,247,0.02410461598516639,0.9725963562753036,0.9641052146975191,0.9798479674006683
chapman_shaoxing,s4d,270492004,1st degree av block,as_registered,,10247,247,0.02410461598516639,0.9643724696356275,0.9546031573002063,0.9726730717163569
chapman_shaoxing,s4d,270492004,1st degree av block,union,,10247,247,0.02410461598516639,0.9643724696356275,0.9546031573002063,0.9726730717163569
chapman_shaoxing,s4d,270492004,1st degree av block,restricted,,10247,247,0.02410461598516639,0.9643724696356275,0.9546031573002063,0.9726730717163569
chapman_shaoxing,xresnet1d101,39732003,left axis deviation,as_registered,,10247,382,0.03727920366936664,0.9606576213436365,0.9556101653744689,0.9652808920983496
chapman_shaoxing,xresnet1d101,39732003,left axis deviation,union,,10247,382,0.03727920366936664,0.9606576213436365,0.9556101653744689,0.9652808920983496
chapman_shaoxing,xresnet1d101,39732003,left axis deviation,restricted,,10247,382,0.03727920366936664,0.9606576213436365,0.9556101653744689,0.9652808920983496
chapman_shaoxing,s4d,39732003,left axis deviation,as_registered,,10247,382,0.03727920366936664,0.9521583258810699,0.9455292877308811,0.9580867089802538
chapman_shaoxing,s4d,39732003,left axis deviation,union,,10247,382,0.03727920366936664,0.9521583258810699,0.9455292877308811,0.9580867089802538
chapman_shaoxing,s4d,39732003,left axis deviation,restricted,,10247,382,0.03727920366936664,0.9521583258810699,0.9455292877308811,0.9580867089802538
chapman_shaoxing,xresnet1d101,698252002,nonspecific intraventricular conduction disorder,as_registered,complete left bundle branch block / left bundle branch block;complete right bundle branch block / right bundle branch block,10247,235,0.02293354152434859,0.6995150500250763,0.6614450921946092,0.7366009392250008
chapman_shaoxing,xresnet1d101,698252002,nonspecific intraventricular conduction disorder,union,complete left bundle branch block / left bundle branch block;complete right bundle branch block / right bundle branch block,10247,839,0.08187762271884454,0.5328574367768562,0.5093586644920396,0.5561638396889182
chapman_shaoxing,xresnet1d101,698252002,nonspecific intraventricular conduction disorder,restricted,complete left bundle branch block / left bundle branch block;complete right bundle branch block / right bundle branch block,9622,214,0.022240698399501144,0.6976290808379426,0.657291046410203,0.7364997508517405
chapman_shaoxing,s4d,698252002,nonspecific intraventricular conduction disorder,as_registered,complete left bundle branch block / left bundle branch block;complete right bundle branch block / right bundle branch block,10247,235,0.02293354152434859,0.7280913967069305,0.6896452826338213,0.7643782114751373
chapman_shaoxing,s4d,698252002,nonspecific intraventricular conduction disorder,union,complete left bundle branch block / left bundle branch block;complete right bundle branch block / right bundle branch block,10247,839,0.08187762271884454,0.5760994244241201,0.5521446248269009,0.5997693386606819
chapman_shaoxing,s4d,698252002,nonspecific intraventricular conduction disorder,restricted,complete left bundle branch block / left bundle branch block;complete right bundle branch block / right bundle branch block,9622,214,0.022240698399501144,0.7268764106109734,0.6872153345781796,0.7649850369210566
chapman_shaoxing,xresnet1d101,426783006,sinus rhythm,as_registered,sinus bradycardia;sinus tachycardia,10247,1826,0.1781984971211086,0.8484528196017544,0.8403692722558948,0.8564165351418177
chapman_shaoxing,xresnet1d101,426783006,sinus rhythm,union,sinus bradycardia;sinus tachycardia,10247,7283,0.7107446081780033,0.9718226572779713,0.9688774602254812,0.974629673815429
chapman_shaoxing,xresnet1d101,426783006,sinus rhythm,restricted,sinus bradycardia;sinus tachycardia,4790,1826,0.3812108559498956,0.9981100330656449,0.9971573933207648,0.9989562386272539
chapman_shaoxing,s4d,426783006,sinus rhythm,as_registered,sinus bradycardia;sinus tachycardia,10247,1826,0.1781984971211086,0.8504059311378364,0.8425135209805343,0.8579924393262016
chapman_shaoxing,s4d,426783006,sinus rhythm,union,sinus bradycardia;sinus tachycardia,10247,7283,0.7107446081780033,0.9580749116636583,0.954350605325725,0.9615328307912065
chapman_shaoxing,s4d,426783006,sinus rhythm,restricted,sinus bradycardia;sinus tachycardia,4790,1826,0.3812108559498956,0.9973342024705373,0.9961196099773244,0.9982883939230917
chapman_shaoxing,xresnet1d101,284470004|63593006,premature atrial contraction / supraventricular premature beats,as_registered,,10247,258,0.02517810090758271,0.8561817223752329,0.8318252506831798,0.8780988650142646
chapman_shaoxing,xresnet1d101,284470004|63593006,premature atrial contraction / supraventricular premature beats,union,,10247,258,0.02517810090758271,0.8561817223752329,0.8318252506831798,0.8780988650142646
chapman_shaoxing,xresnet1d101,284470004|63593006,premature atrial contraction / supraventricular premature beats,restricted,,10247,258,0.02517810090758271,0.8561817223752329,0.8318252506831798,0.8780988650142646
chapman_shaoxing,s4d,284470004|63593006,premature atrial contraction / supraventricular premature beats,as_registered,,10247,258,0.02517810090758271,0.8289032664613245,0.8044316610304857,0.8515763957689554
chapman_shaoxing,s4d,284470004|63593006,premature atrial contraction / supraventricular premature beats,union,,10247,258,0.02517810090758271,0.8289032664613245,0.8044316610304857,0.8515763957689554
chapman_shaoxing,s4d,284470004|63593006,premature atrial contraction / supraventricular premature beats,restricted,,10247,258,0.02517810090758271,0.8289032664613245,0.8044316610304857,0.8515763957689554
chapman_shaoxing,xresnet1d101,164917005,qwave abnormal,as_registered,,10247,235,0.02293354152434859,0.8245756156442057,0.7982525274624086,0.8505456605866532
chapman_shaoxing,xresnet1d101,164917005,qwave abnormal,union,,10247,235,0.02293354152434859,0.8245756156442057,0.7982525274624086,0.8505456605866532
chapman_shaoxing,xresnet1d101,164917005,qwave abnormal,restricted,,10247,235,0.02293354152434859,0.8245756156442057,0.7982525274624086,0.8505456605866532
chapman_shaoxing,s4d,164917005,qwave abnormal,as_registered,,10247,235,0.02293354152434859,0.8103573584039578,0.7805861637453153,0.8385653911047586
chapman_shaoxing,s4d,164917005,qwave abnormal,union,,10247,235,0.02293354152434859,0.8103573584039578,0.7805861637453153,0.8385653911047586
chapman_shaoxing,s4d,164917005,qwave abnormal,restricted,,10247,235,0.02293354152434859,0.8103573584039578,0.7805861637453153,0.8385653911047586
chapman_shaoxing,xresnet1d101,47665007,right axis deviation,as_registered,,10247,215,0.02098175075631892,0.9710424316605467,0.9631935503467868,0.9779620722196646
chapman_shaoxing,xresnet1d101,47665007,right axis deviation,union,,10247,215,0.02098175075631892,0.9710424316605467,0.9631935503467868,0.9779620722196646
chapman_shaoxing,xresnet1d101,47665007,right axis deviation,restricted,,10247,215,0.02098175075631892,0.9710424316605467,0.9631935503467868,0.9779620722196646
chapman_shaoxing,s4d,47665007,right axis deviation,as_registered,,10247,215,0.02098175075631892,0.9686153147138459,0.9607213322507977,0.9755610266292164
chapman_shaoxing,s4d,47665007,right axis deviation,union,,10247,215,0.02098175075631892,0.9686153147138459,0.9607213322507977,0.9755610266292164
chapman_shaoxing,s4d,47665007,right axis deviation,restricted,,10247,215,0.02098175075631892,0.9686153147138459,0.9607213322507977,0.9755610266292164
chapman_shaoxing,xresnet1d101,426177001,sinus bradycardia,as_registered,,10247,3889,0.3795257148433688,0.9821747419808138,0.9799127426450381,0.9842220585666676
chapman_shaoxing,xresnet1d101,426177001,sinus bradycardia,union,,10247,3889,0.3795257148433688,0.9821747419808138,0.9799127426450381,0.9842220585666676
chapman_shaoxing,xresnet1d101,426177001,sinus bradycardia,restricted,,10247,3889,0.3795257148433688,0.9821747419808138,0.9799127426450381,0.9842220585666676
chapman_shaoxing,s4d,426177001,sinus bradycardia,as_registered,,10247,3889,0.3795257148433688,0.9799046859569797,0.9775103999220649,0.9821319457514531
chapman_shaoxing,s4d,426177001,sinus bradycardia,union,,10247,3889,0.3795257148433688,0.9799046859569797,0.9775103999220649,0.9821319457514531
chapman_shaoxing,s4d,426177001,sinus bradycardia,restricted,,10247,3889,0.3795257148433688,0.9799046859569797,0.9775103999220649,0.9821319457514531
chapman_shaoxing,xresnet1d101,427084000,sinus tachycardia,as_registered,,10247,1568,0.15302039621352592,0.9946157861692897,0.9924148296923023,0.9962896100929244
chapman_shaoxing,xresnet1d101,427084000,sinus tachycardia,union,,10247,1568,0.15302039621352592,0.9946157861692897,0.9924148296923023,0.9962896100929244
chapman_shaoxing,xresnet1d101,427084000,sinus tachycardia,restricted,,10247,1568,0.15302039621352592,0.9946157861692897,0.9924148296923023,0.9962896100929244
chapman_shaoxing,s4d,427084000,sinus tachycardia,as_registered,,10247,1568,0.15302039621352592,0.991733873812228,0.990015238342765,0.9933575398636291
chapman_shaoxing,s4d,427084000,sinus tachycardia,union,,10247,1568,0.15302039621352592,0.991733873812228,0.990015238342765,0.9933575398636291
chapman_shaoxing,s4d,427084000,sinus tachycardia,restricted,,10247,1568,0.15302039621352592,0.991733873812228,0.990015238342765,0.9933575398636291
chapman_shaoxing,xresnet1d101,164934002,t wave abnormal,as_registered,t wave inversion,10247,1876,0.18307797404118278,0.7576116932276346,0.7452197263304038,0.7688847338020935
chapman_shaoxing,xresnet1d101,164934002,t wave abnormal,union,t wave inversion,10247,1964,0.19166585342051332,0.7462469445798857,0.7341225717217064,0.7575723913013143
chapman_shaoxing,xresnet1d101,164934002,t wave abnormal,restricted,t wave inversion,10090,1807,0.17908820614469773,0.7643905102703005,0.7520636921763678,0.7758659730589169
chapman_shaoxing,s4d,164934002,t wave abnormal,as_registered,t wave inversion,10247,1876,0.18307797404118278,0.7606146231825327,0.7478731450196816,0.7723937082396636
chapman_shaoxing,s4d,164934002,t wave abnormal,union,t wave inversion,10247,1964,0.19166585342051332,0.7467607813515426,0.7337543428055631,0.7588614433028503
chapman_shaoxing,s4d,164934002,t wave abnormal,restricted,t wave inversion,10090,1807,0.17908820614469773,0.7669359789798896,0.7543470820302836,0.77921511087056
chapman_shaoxing,xresnet1d101,59931005,t wave inversion,as_registered,t wave abnormal,10247,157,0.015321557529032888,0.8532645679331873,0.823712672673859,0.880160456380617
chapman_shaoxing,xresnet1d101,59931005,t wave inversion,union,t wave abnormal,10247,1964,0.19166585342051332,0.8032069709190148,0.7923058236277614,0.8138593667460903
chapman_shaoxing,xresnet1d101,59931005,t wave inversion,restricted,t wave abnormal,8371,88,0.010512483574244415,0.9037266910320152,0.8704394765182879,0.9327317105299554
chapman_shaoxing,s4d,59931005,t wave inversion,as_registered,t wave abnormal,10247,157,0.015321557529032888,0.8509276385145158,0.8164296674754148,0.8801201341881933
chapman_shaoxing,s4d,59931005,t wave inversion,union,t wave abnormal,10247,1964,0.19166585342051332,0.8207529691147156,0.8103672950285594,0.831222983196768
chapman_shaoxing,s4d,59931005,t wave inversion,restricted,t wave abnormal,8371,88,0.010512483574244415,0.8944374019075214,0.8537286686199975,0.9301598034769821
ningbo,xresnet1d101,733534002|164909002,complete left bundle branch block / left bundle branch block,as_registered,,34905,248,0.007104999283770234,0.9961098023301163,0.9932764243800795,0.9980568358983215
ningbo,xresnet1d101,733534002|164909002,complete left bundle branch block / left bundle branch block,union,,34905,248,0.007104999283770234,0.9961098023301163,0.9932764243800795,0.9980568358983215
ningbo,xresnet1d101,733534002|164909002,complete left bundle branch block / left bundle branch block,restricted,,34905,248,0.007104999283770234,0.9961098023301163,0.9932764243800795,0.9980568358983215
ningbo,s4d,733534002|164909002,complete left bundle branch block / left bundle branch block,as_registered,,34905,248,0.007104999283770234,0.996972403284911,0.9954105508715723,0.9981774063789207
ningbo,s4d,733534002|164909002,complete left bundle branch block / left bundle branch block,union,,34905,248,0.007104999283770234,0.996972403284911,0.9954105508715723,0.9981774063789207
ningbo,s4d,733534002|164909002,complete left bundle branch block / left bundle branch block,restricted,,34905,248,0.007104999283770234,0.996972403284911,0.9954105508715723,0.9981774063789207
ningbo,xresnet1d101,713427006|59118001,complete right bundle branch block / right bundle branch block,as_registered,,34905,1291,0.03698610514252972,0.9947004049297633,0.992491164390874,0.9965147447361868
ningbo,xresnet1d101,713427006|59118001,complete right bundle branch block / right bundle branch block,union,,34905,1291,0.03698610514252972,0.9947004049297633,0.992491164390874,0.9965147447361868
ningbo,xresnet1d101,713427006|59118001,complete right bundle branch block / right bundle branch block,restricted,,34905,1291,0.03698610514252972,0.9947004049297633,0.992491164390874,0.9965147447361868
ningbo,s4d,713427006|59118001,complete right bundle branch block / right bundle branch block,as_registered,,34905,1291,0.03698610514252972,0.9934381938623652,0.9915700701703704,0.9950043329969669
ningbo,s4d,713427006|59118001,complete right bundle branch block / right bundle branch block,union,,34905,1291,0.03698610514252972,0.9934381938623652,0.9915700701703704,0.9950043329969669
ningbo,s4d,713427006|59118001,complete right bundle branch block / right bundle branch block,restricted,,34905,1291,0.03698610514252972,0.9934381938623652,0.9915700701703704,0.9950043329969669
ningbo,xresnet1d101,270492004,1st degree av block,as_registered,,34905,893,0.025583727259704914,0.9729797624947337,0.9686430578473805,0.9768037802378061
ningbo,xresnet1d101,270492004,1st degree av block,union,,34905,893,0.025583727259704914,0.9729797624947337,0.9686430578473805,0.9768037802378061
ningbo,xresnet1d101,270492004,1st degree av block,restricted,,34905,893,0.025583727259704914,0.9729797624947337,0.9686430578473805,0.9768037802378061
ningbo,s4d,270492004,1st degree av block,as_registered,,34905,893,0.025583727259704914,0.9574064762598116,0.9519935486110621,0.9625517533953227
ningbo,s4d,270492004,1st degree av block,union,,34905,893,0.025583727259704914,0.9574064762598116,0.9519935486110621,0.9625517533953227
ningbo,s4d,270492004,1st degree av block,restricted,,34905,893,0.025583727259704914,0.9574064762598116,0.9519935486110621,0.9625517533953227
ningbo,xresnet1d101,39732003,left axis deviation,as_registered,,34905,1163,0.03331900873800315,0.9584617694545525,0.954729830031987,0.9619227463852653
ningbo,xresnet1d101,39732003,left axis deviation,union,,34905,1163,0.03331900873800315,0.9584617694545525,0.954729830031987,0.9619227463852653
ningbo,xresnet1d101,39732003,left axis deviation,restricted,,34905,1163,0.03331900873800315,0.9584617694545525,0.954729830031987,0.9619227463852653
ningbo,s4d,39732003,left axis deviation,as_registered,,34905,1163,0.03331900873800315,0.9489062035812393,0.9447491923674541,0.9527995995830378
ningbo,s4d,39732003,left axis deviation,union,,34905,1163,0.03331900873800315,0.9489062035812393,0.9447491923674541,0.9527995995830378
ningbo,s4d,39732003,left axis deviation,restricted,,34905,1163,0.03331900873800315,0.9489062035812393,0.9447491923674541,0.9527995995830378
ningbo,xresnet1d101,698252002,nonspecific intraventricular conduction disorder,as_registered,complete left bundle branch block / left bundle branch block;complete right bundle branch block / right bundle branch block,34905,536,0.01535596619395502,0.5359400587912658,0.5138294156677594,0.5586624655828397
ningbo,xresnet1d101,698252002,nonspecific intraventricular conduction disorder,union,complete left bundle branch block / left bundle branch block;complete right bundle branch block / right bundle branch block,34905,2056,0.05890273599770807,0.4432198185945287,0.4281937414720311,0.45790172315112304
ningbo,xresnet1d101,698252002,nonspecific intraventricular conduction disorder,restricted,complete left bundle branch block / left bundle branch block;complete right bundle branch block / right bundle branch block,33366,517,0.015494815081220404,0.5359000709712509,0.5126017913326643,0.5594550249300667
ningbo,s4d,698252002,nonspecific intraventricular conduction disorder,as_registered,complete left bundle branch block / left bundle branch block;complete right bundle branch block / right bundle branch block,34905,536,0.01535596619395502,0.6193032390348296,0.5969649120200462,0.6424406424054983
ningbo,s4d,698252002,nonspecific intraventricular conduction disorder,union,complete left bundle branch block / left bundle branch block;complete right bundle branch block / right bundle branch block,34905,2056,0.05890273599770807,0.5164172315771506,0.5019418758259324,0.5310031443052489
ningbo,s4d,698252002,nonspecific intraventricular conduction disorder,restricted,complete left bundle branch block / left bundle branch block;complete right bundle branch block / right bundle branch block,33366,517,0.015494815081220404,0.6207075362070851,0.5973156497874889,0.6451820553865645
ningbo,xresnet1d101,426783006,sinus rhythm,as_registered,sinus bradycardia;sinus tachycardia,34905,6299,0.18046125196963186,0.8159859630650216,0.8106866265429363,0.8213810605570038
ningbo,xresnet1d101,426783006,sinus rhythm,union,sinus bradycardia;sinus tachycardia,34905,24650,0.7062025497779688,0.8663132316596169,0.861613764207721,0.870968987683282
ningbo,xresnet1d101,426783006,sinus rhythm,restricted,sinus bradycardia;sinus tachycardia,16548,6293,0.3802876480541455,0.9297987292575787,0.9259331690579773,0.9337075168374013
ningbo,s4d,426783006,sinus rhythm,as_registered,sinus bradycardia;sinus tachycardia,34905,6299,0.18046125196963186,0.81905241221069,0.8140443618265234,0.8242207666809102
ningbo,s4d,426783006,sinus rhythm,union,sinus bradycardia;sinus tachycardia,34905,24650,0.7062025497779688,0.8524395540492294,0.8478055559934576,0.8571986982827132
ningbo,s4d,426783006,sinus rhythm,restricted,sinus bradycardia;sinus tachycardia,16548,6293,0.3802876480541455,0.9294694646129606,0.9255360627442023,0.9332905936028075
ningbo,xresnet1d101,284470004|63593006,premature atrial contraction / supraventricular premature beats,as_registered,,34905,1063,0.030454089671966767,0.870546907623346,0.860290896479289,0.8803281250731726
ningbo,xresnet1d101,284470004|63593006,premature atrial contraction / supraventricular premature beats,union,,34905,1063,0.030454089671966767,0.870546907623346,0.860290896479289,0.8803281250731726
ningbo,xresnet1d101,284470004|63593006,premature atrial contraction / supraventricular premature beats,restricted,,34905,1063,0.030454089671966767,0.870546907623346,0.860290896479289,0.8803281250731726
ningbo,s4d,284470004|63593006,premature atrial contraction / supraventricular premature beats,as_registered,,34905,1063,0.030454089671966767,0.8322135491793167,0.8201366141442087,0.8429971625597749
ningbo,s4d,284470004|63593006,premature atrial contraction / supraventricular premature beats,union,,34905,1063,0.030454089671966767,0.8322135491793167,0.8201366141442087,0.8429971625597749
ningbo,s4d,284470004|63593006,premature atrial contraction / supraventricular premature beats,restricted,,34905,1063,0.030454089671966767,0.8322135491793167,0.8201366141442087,0.8429971625597749
ningbo,xresnet1d101,164917005,qwave abnormal,as_registered,,34905,828,0.023721529866781263,0.8283298168583539,0.8134289656616702,0.8416715616133905
ningbo,xresnet1d101,164917005,qwave abnormal,union,,34905,828,0.023721529866781263,0.8283298168583539,0.8134289656616702,0.8416715616133905
ningbo,xresnet1d101,164917005,qwave abnormal,restricted,,34905,828,0.023721529866781263,0.8283298168583539,0.8134289656616702,0.8416715616133905
ningbo,s4d,164917005,qwave abnormal,as_registered,,34905,828,0.023721529866781263,0.8141423890963616,0.7988198503186936,0.8282800398949626
ningbo,s4d,164917005,qwave abnormal,union,,34905,828,0.023721529866781263,0.8141423890963616,0.7988198503186936,0.8282800398949626
ningbo,s4d,164917005,qwave abnormal,restricted,,34905,828,0.023721529866781263,0.8141423890963616,0.7988198503186936,0.8282800398949626
ningbo,xresnet1d101,47665007,right axis deviation,as_registered,,34905,638,0.018278183641312132,0.9665502503711175,0.9621386968678168,0.9707011047048486
ningbo,xresnet1d101,47665007,right axis deviation,union,,34905,638,0.018278183641312132,0.9665502503711175,0.9621386968678168,0.9707011047048486
ningbo,xresnet1d101,47665007,right axis deviation,restricted,,34905,638,0.018278183641312132,0.9665502503711175,0.9621386968678168,0.9707011047048486
ningbo,s4d,47665007,right axis deviation,as_registered,,34905,638,0.018278183641312132,0.9631366185495371,0.9593292930870132,0.9666569649006738
ningbo,s4d,47665007,right axis deviation,union,,34905,638,0.018278183641312132,0.9631366185495371,0.9593292930870132,0.9666569649006738
ningbo,s4d,47665007,right axis deviation,restricted,,34905,638,0.018278183641312132,0.9631366185495371,0.9593292930870132,0.9666569649006738
ningbo,xresnet1d101,426177001,sinus bradycardia,as_registered,,34905,12670,0.3629852456668099,0.9653671275953974,0.9636158912280877,0.9671887183235585
ningbo,xresnet1d101,426177001,sinus bradycardia,union,,34905,12670,0.3629852456668099,0.9653671275953974,0.9636158912280877,0.9671887183235585
ningbo,xresnet1d101,426177001,sinus bradycardia,restricted,,34905,12670,0.3629852456668099,0.9653671275953974,0.9636158912280877,0.9671887183235585
ningbo,s4d,426177001,sinus bradycardia,as_registered,,34905,12670,0.3629852456668099,0.9669534883266905,0.9651735969028098,0.968674530086391
ningbo,s4d,426177001,sinus bradycardia,union,,34905,12670,0.3629852456668099,0.9669534883266905,0.9651735969028098,0.968674530086391
ningbo,s4d,426177001,sinus bradycardia,restricted,,34905,12670,0.3629852456668099,0.9669534883266905,0.9651735969028098,0.968674530086391
ningbo,xresnet1d101,427084000,sinus tachycardia,as_registered,,34905,5687,0.16292794728548918,0.9880769859115128,0.9868980882873704,0.9891723596417518
ningbo,xresnet1d101,427084000,sinus tachycardia,union,,34905,5687,0.16292794728548918,0.9880769859115128,0.9868980882873704,0.9891723596417518
ningbo,xresnet1d101,427084000,sinus tachycardia,restricted,,34905,5687,0.16292794728548918,0.9880769859115128,0.9868980882873704,0.9891723596417518
ningbo,s4d,427084000,sinus tachycardia,as_registered,,34905,5687,0.16292794728548918,0.9863009983837173,0.9851422167786102,0.9874299510645864
ningbo,s4d,427084000,sinus tachycardia,union,,34905,5687,0.16292794728548918,0.9863009983837173,0.9851422167786102,0.9874299510645864
ningbo,s4d,427084000,sinus tachycardia,restricted,,34905,5687,0.16292794728548918,0.9863009983837173,0.9851422167786102,0.9874299510645864
ningbo,xresnet1d101,164934002,t wave abnormal,as_registered,t wave inversion,34905,5167,0.1480303681421,0.7712122747031058,0.7640906590011288,0.7778528292679125
ningbo,xresnet1d101,164934002,t wave abnormal,union,t wave inversion,34905,6596,0.1889700615957599,0.7464786723728765,0.7400428596249213,0.7530355570401607
ningbo,xresnet1d101,164934002,t wave abnormal,restricted,t wave inversion,32185,3876,0.12042877116669255,0.8019589105500586,0.7939158401026577,0.8095280237471217
ningbo,s4d,164934002,t wave abnormal,as_registered,t wave inversion,34905,5167,0.1480303681421,0.7785897717428292,0.7716187669726152,0.7852373250270891
ningbo,s4d,164934002,t wave abnormal,union,t wave inversion,34905,6596,0.1889700615957599,0.7445213489203366,0.7379597130141516,0.7510852662007704
ningbo,s4d,164934002,t wave abnormal,restricted,t wave inversion,32185,3876,0.12042877116669255,0.8047350244815972,0.7968761795837181,0.8122584085900415
ningbo,xresnet1d101,59931005,t wave inversion,as_registered,t wave abnormal,34905,2720,0.07792579859618966,0.8648471954417933,0.8578119962435918,0.8713573746584252
ningbo,xresnet1d101,59931005,t wave inversion,union,t wave abnormal,34905,6596,0.1889700615957599,0.7969178813098736,0.7911208650787691,0.8025174721145164
ningbo,xresnet1d101,59931005,t wave inversion,restricted,t wave abnormal,29738,1429,0.04805299616652095,0.8728224197617609,0.8639064896881232,0.8817126925263807
ningbo,s4d,59931005,t wave inversion,as_registered,t wave abnormal,34905,2720,0.07792579859618966,0.8763844136380667,0.8704610872285836,0.882105844853204
ningbo,s4d,59931005,t wave inversion,union,t wave abnormal,34905,6596,0.1889700615957599,0.8177840921104126,0.8122000520441047,0.8229940101095599
ningbo,s4d,59931005,t wave inversion,restricted,t wave abnormal,29738,1429,0.04805299616652095,0.8938855592960037,0.8861842975655415,0.9013973463239734
