cohort,stratification,subgroup,architecture,records,eligible_labels,eligible_label_keys,eligible_label_digest,contributing_labels,macro_auroc,macro_auroc_lower_95,macro_auroc_upper_95,macro_auprc,uncalibrated_macro_ece,uncalibrated_macro_ece_lower_95,uncalibrated_macro_ece_upper_95,calibrated_macro_ece,calibrated_macro_ece_lower_95,calibrated_macro_ece_upper_95,calibrated_minus_uncalibrated_macro_ece,calibrated_minus_uncalibrated_macro_ece_lower_95,calibrated_minus_uncalibrated_macro_ece_upper_95,uncalibrated_brier,uncalibrated_brier_lower_95,uncalibrated_brier_upper_95,calibrated_brier,calibrated_brier_lower_95,calibrated_brier_upper_95,calibrated_minus_uncalibrated_brier,calibrated_minus_uncalibrated_brier_lower_95,calibrated_minus_uncalibrated_brier_upper_95,ptb_sex_encoding_correction
ptb_test,age,under_40,xresnet1d101,284,4,39732003;426783006;426177001;164934002,44c855a5e862f01c,4,0.9464802441922676,0.9205699169983785,0.9711898697649314,0.8255287914672428,0.02796497149934756,0.023957541428238475,0.04383559028634322,0.02988485963249557,0.025511244038932932,0.04551110833288845,0.001919888133148008,-0.0008879277537536846,0.0048280410118847214,0.027943518116398013,0.01881321374552721,0.03801966613888103,0.027884944375315697,0.018908244871358854,0.03787723101068841,-5.8573741082316305e-05,-0.00021046123313365664,7.427075557076504e-05,False
ptb_test,age,under_40,s4d,284,4,39732003;426783006;426177001;164934002,44c855a5e862f01c,4,0.9400677017029035,0.9064540617912985,0.9704652552515804,0.8338319234676302,0.0270432243715034,0.023252331266658165,0.04302829325594342,0.025858157185472894,0.02379054374424043,0.04191277884943656,-0.001185067186030505,-0.004976017795470262,0.003915156248808616,0.028173400890411714,0.018493267853118556,0.038567719914884266,0.028030748577096025,0.018703123265468767,0.038046703835537876,-0.00014265231331568942,-0.0005795453802551895,0.00023032695644967767,False
ptb_test,age,40_to_64,xresnet1d101,866,4,39732003;426783006;426177001;164934002,44c855a5e862f01c,4,0.9432825313851377,0.9285099919031898,0.9566064386223152,0.7983482488904021,0.02215903279926803,0.023837700125775203,0.03572926957719687,0.02279553806796606,0.024445859546619077,0.035774999260994714,0.0006365052686980316,-0.0024794813682416346,0.003819197437928634,0.04451877281073339,0.039001848971311794,0.0503122481713817,0.044512455278240694,0.039035802404249746,0.05024596812743587,-6.317532492694511e-06,-0.00010121527754805795,8.65750152509571e-05,False
ptb_test,age,40_to_64,s4d,866,4,39732003;426783006;426177001;164934002,44c855a5e862f01c,4,0.9404333025833621,0.926750319091409,0.9525300460475064,0.7742194599395122,0.026122233039460686,0.02583865503580985,0.03846425132774023,0.021636153533474096,0.022570204804545697,0.0347005936121954,-0.00448607950598659,-0.007889611971626223,0.00022578118380498193,0.04772763133190773,0.0420585585180848,0.05377246214565947,0.047486791793486,0.04199973706421181,0.053352693878262795,-0.00024083953842173045,-0.0005114587733745896,2.7106722108124365e-05,False
ptb_test,age,65_plus,xresnet1d101,1048,4,39732003;426783006;426177001;164934002,44c855a5e862f01c,4,0.921949782282797,0.9021604357631173,0.9370247773941078,0.7158573959598646,0.024824889153298498,0.026834991157132032,0.03931148405707066,0.024768609868835632,0.02674630296260671,0.039405953537586524,-5.6279284462865814e-05,-0.0030777309601781227,0.004132725756208106,0.06772938794044829,0.06202397495832397,0.07365879355062781,0.06769699819930307,0.06203601036765158,0.07354274207841065,-3.2389741145222306e-05,-0.00014057178939190263,6.882707634277682e-05,False
ptb_test,age,65_plus,s4d,1048,4,39732003;426783006;426177001;164934002,44c855a5e862f01c,4,0.9158595494322396,0.8943786578084357,0.9319919399764323,0.6936945447471919,0.03024544869812809,0.032471645237109326,0.046209537403022596,0.02653652805672759,0.029001154718720813,0.0420339513666837,-0.0037089206414004997,-0.008937063031741617,0.001795398558308493,0.0728165266713171,0.0669506160927931,0.07947941547758003,0.07241343915174753,0.06668029642905218,0.0787680974687468,-0.0004030875195695782,-0.0007253543686830931,-9.634997123265494e-05,False
ptb_test,sex,female,xresnet1d101,1066,14,733534002|164909002;713427006|59118001;270492004;39732003;164947007;698252002;426783006;284470004|63593006;164917005;47665007;426177001;427084000;164934002;59931005,5bd295b7e475cd5f,14,0.9425664516863513,0.9314243611948052,0.9524822880844493,0.6415130209340852,0.011127576026177807,0.013298218877727664,0.017716439727588414,0.011008936174705919,0.013192576404678665,0.017532664646786707,-0.00011863985147188803,-0.001420797048210861,0.001061782475313293,0.02597459084446983,0.0237777815923633,0.028199808748954412,0.025957707740404023,0.023777223111496888,0.028178223843160467,-1.6883104065806842e-05,-5.092690649585894e-05,1.7111920969394625e-05,True
ptb_test,sex,female,s4d,1066,14,733534002|164909002;713427006|59118001;270492004;39732003;164947007;698252002;426783006;284470004|63593006;164917005;47665007;426177001;427084000;164934002;59931005,5bd295b7e475cd5f,14,0.9316662985583651,0.919843688074697,0.9422000271016275,0.6037977671764787,0.014622258630740986,0.016147618783729546,0.02105795901476088,0.014348619157775905,0.01599972385821595,0.02086384109970684,-0.00027363947296508116,-0.001825759967263032,0.0015169426293308614,0.02804676311669092,0.025564807466378365,0.030451561760944323,0.027963751157355447,0.025562159681747368,0.03027895263057655,-8.301195933547306e-05,-0.00018466494818635115,1.8085857211934587e-05,True
ptb_test,sex,male,xresnet1d101,1132,14,733534002|164909002;713427006|59118001;270492004;39732003;164947007;698252002;426783006;284470004|63593006;164917005;47665007;426177001;427084000;164934002;59931005,5bd295b7e475cd5f,14,0.9379602921074971,0.9252272585483997,0.9489263002858584,0.6093981392933959,0.013319457132909678,0.01431895582463417,0.018688592232863677,0.013922210370647425,0.01458901643232792,0.019043095410569404,0.0006027532377377472,-0.0006441132868331121,0.0013689559967355065,0.024616788809118186,0.022439440666241067,0.02690433438838562,0.024607547230087862,0.02245532370415138,0.026865879679065556,-9.241579030323799e-06,-4.485761899898546e-05,2.28332822356153e-05,True
ptb_test,sex,male,s4d,1132,14,733534002|164909002;713427006|59118001;270492004;39732003;164947007;698252002;426783006;284470004|63593006;164917005;47665007;426177001;427084000;164934002;59931005,5bd295b7e475cd5f,14,0.9420137143300337,0.9314410870631602,0.9511454796814511,0.5984716243692195,0.0163646723435109,0.017185599670461436,0.021959919342602774,0.01534233662012739,0.016700088747276572,0.021050231923653934,-0.0010223357233835103,-0.0023946520833526158,0.0009021588027486726,0.026140448382862627,0.02400335481763489,0.02836248383646866,0.02613594959752303,0.024086000578120256,0.028267755076462033,-4.498785339597522e-06,-0.00011043279689184754,9.029325700502773e-05,True
chapman_shaoxing,age,under_40,xresnet1d101,1262,7,713427006|59118001;39732003;426783006;47665007;426177001;427084000;164934002,080b143a3703b19f,7,0.9303138487452092,0.9159210724015024,0.943194980927259,0.6172722023385518,0.13594666899110333,0.13046659304198252,0.14387080717231263,0.13540038333135057,0.1298350861654419,0.14323298378412683,-0.0005462856597527599,-0.0014328076861669947,-1.6443374897247332e-05,0.12557988837636747,0.11951685069131673,0.13174807516974102,0.12466263870208905,0.1186776385603628,0.1307803637933899,-0.0009172496742784197,-0.0009873733832592123,-0.000850729754176444,False
chapman_shaoxing,age,under_40,s4d,1262,7,713427006|59118001;39732003;426783006;47665007;426177001;427084000;164934002,080b143a3703b19f,7,0.9246542093093215,0.9096873568149946,0.9380888105236974,0.6033090193471378,0.1319207735489897,0.12723060526937086,0.14048643182601284,0.13044078814365123,0.12583613345932415,0.13911914713144705,-0.0014799854053384742,-0.002622341607021357,-0.00030552491977589255,0.12475383938634806,0.11877904437399414,0.13098597264933096,0.12231112659498926,0.11651291796966363,0.1284155353579102,-0.0024427127913587976,-0.0026308318809310513,-0.002251526742989859,False
chapman_shaoxing,age,40_to_64,xresnet1d101,4503,7,713427006|59118001;39732003;426783006;47665007;426177001;427084000;164934002,080b143a3703b19f,7,0.9244246606634368,0.919710378585077,0.9286531515973374,0.6289949320045766,0.16153521809630247,0.15804777927565006,0.16597220371021604,0.16090769151450648,0.15747080371149733,0.16536402284941498,-0.0006275265817959896,-0.0010157725815545236,-0.0002919349007173857,0.15268663781857647,0.14914543978839342,0.1563166495806892,0.15156810883065452,0.14805197512227822,0.15517669703083245,-0.0011185289879219462,-0.0011602790630430618,-0.0010773210444604774,False
chapman_shaoxing,age,40_to_64,s4d,4503,7,713427006|59118001;39732003;426783006;47665007;426177001;427084000;164934002,080b143a3703b19f,7,0.9264078908705669,0.9221669027894529,0.9302607739033044,0.616746948507396,0.16221212803386306,0.15906192890008403,0.16664159694920777,0.16034548130569778,0.15732683907767464,0.16491920670606483,-0.0018666467281652777,-0.0023977473383696504,-0.0009865697687226756,0.15435621808054842,0.15078115605269365,0.15804917403466384,0.1513034405322864,0.14781647210408988,0.15493589915829947,-0.0030527775482620256,-0.0031649669031702243,-0.002935630403433178,False
chapman_shaoxing,age,65_plus,xresnet1d101,4482,7,713427006|59118001;39732003;426783006;47665007;426177001;427084000;164934002,080b143a3703b19f,7,0.922192595250622,0.9182185811208486,0.9262454126801304,0.6631764389070106,0.12445798677963325,0.12098248513717948,0.12864143036441797,0.12378390661952046,0.12042707470217683,0.12797616169317289,-0.0006740801601127916,-0.0009052049096945688,-0.0001786836768386186,0.12037606676713163,0.1170727926987756,0.12370539908132162,0.11948024859516052,0.11622513628888216,0.12277127050409388,-0.0008958181719711106,-0.0009425893265341375,-0.0008478506040577201,False
chapman_shaoxing,age,65_plus,s4d,4482,7,713427006|59118001;39732003;426783006;47665007;426177001;427084000;164934002,080b143a3703b19f,7,0.9184755013781801,0.9145557188628296,0.9226865752529823,0.6317916748101512,0.1319654904827883,0.12865369219790612,0.13631862886437646,0.13012517355965267,0.12703799769007063,0.13449123574361135,-0.001840316923135632,-0.002355734447954945,-0.0008403022494094221,0.12722953773289264,0.12383705597924101,0.13059743452422803,0.1247710125424494,0.1215075338270599,0.1280269893077846,-0.0024585251904432337,-0.002587058954460021,-0.0023210660341004747,False
chapman_shaoxing,sex,female,xresnet1d101,4514,15,164890007;733534002|164909002;713427006|59118001;270492004;39732003;111975006;698252002;426783006;284470004|63593006;164917005;47665007;426177001;427084000;164934002;59931005,e00abd49d9702ca7,15,0.8824311065191509,0.871762386226136,0.893101102485953,0.43452024785587934,0.06400759604899091,0.06262971441211271,0.0663177821835823,0.06347421192875739,0.062260306127934796,0.06585137836329709,-0.0005333841202335154,-0.0007140535344221745,-0.00010160315990550954,0.06423960225225232,0.062527699370984,0.06594374341903958,0.06383773858507526,0.06214777910698781,0.06553327726334339,-0.0004018636671770659,-0.00042280071779570474,-0.00038071003930432914,False
chapman_shaoxing,sex,female,s4d,4514,15,164890007;733534002|164909002;713427006|59118001;270492004;39732003;111975006;698252002;426783006;284470004|63593006;164917005;47665007;426177001;427084000;164934002;59931005,e00abd49d9702ca7,15,0.8840895871475156,0.873834321140878,0.8947788907453574,0.42445319945112914,0.06439155522298966,0.06305619600576388,0.06684104518634003,0.0639407378973806,0.06287414759474479,0.06649770647001145,-0.00045081732560905974,-0.0009636319086313048,0.00034085709670771423,0.06543675437130651,0.06366389762165398,0.06717099929450127,0.06432735066295667,0.06260734118478443,0.0660204976381241,-0.001109403708349846,-0.0011709687106490406,-0.0010465185890979431,False
chapman_shaoxing,sex,male,xresnet1d101,5733,15,164890007;733534002|164909002;713427006|59118001;270492004;39732003;111975006;698252002;426783006;284470004|63593006;164917005;47665007;426177001;427084000;164934002;59931005,e00abd49d9702ca7,15,0.8854539450911504,0.8780996260288546,0.8928299761059432,0.4476805884970575,0.0790427013912169,0.07763617116087429,0.08124057302165572,0.07857344473292668,0.07724117190618723,0.08078188590196443,-0.00046925665829021523,-0.0007119928921011525,-0.00016050507223226544,0.08029857400450649,0.07861500894787139,0.08189081695254802,0.07976676789032001,0.07810379890598848,0.08135367267947023,-0.0005318061141864755,-0.0005507061960897657,-0.0005116594193989753,False
chapman_shaoxing,sex,male,s4d,5733,15,164890007;733534002|164909002;713427006|59118001;270492004;39732003;111975006;698252002;426783006;284470004|63593006;164917005;47665007;426177001;427084000;164934002;59931005,e00abd49d9702ca7,15,0.8816886027492689,0.874256853879594,0.8890984405742576,0.4271221801672263,0.08084230623986374,0.07963904047820437,0.08316907398877599,0.07969596146647882,0.07869964091602485,0.08207228941228066,-0.0011463447733849191,-0.001712315025304165,-0.0003925089174023514,0.08264484265732153,0.0809086096635257,0.08431045408870058,0.08126823725067597,0.07958070825924475,0.08287738883192215,-0.0013766054066455535,-0.0014322728102359415,-0.0013177830590967627,False
ningbo,age,under_40,xresnet1d101,5970,14,164890007;713427006|59118001;270492004;39732003;111975006;698252002;426783006;284470004|63593006;164917005;47665007;426177001;427084000;164934002;59931005,3e0d198450442765,14,0.8800667146766105,0.8644694124844493,0.8941789780522053,0.37069951753003627,0.07576030838259289,0.07454042552529799,0.07739962697185503,0.07603460858816545,0.07490877202492896,0.07771501106119788,0.00027430020557256407,0.00012392023811788784,0.000494300047097848,0.06995978394351798,0.06867446469725884,0.07122936084192222,0.06954020232290073,0.06826797875324493,0.07079562363104516,-0.00041958162061725424,-0.00043645962427753016,-0.00040351340157317763,False
ningbo,age,under_40,s4d,5970,14,164890007;713427006|59118001;270492004;39732003;111975006;698252002;426783006;284470004|63593006;164917005;47665007;426177001;427084000;164934002;59931005,3e0d198450442765,14,0.8736658705923939,0.8558455557058486,0.8895821328714945,0.3195097123268184,0.07766641839345745,0.07647752726667077,0.07941332070381002,0.07878570014005425,0.07753419960967305,0.08044749259480183,0.001119281746596798,0.0006819394884901222,0.0013378546131143768,0.07247623823653151,0.07111855475672473,0.07382294222213581,0.07125156715936858,0.06993245470645275,0.07256403102631609,-0.0012246710771629393,-0.0012703678802650155,-0.0011783449411164307,False
ningbo,age,40_to_64,xresnet1d101,14023,14,164890007;713427006|59118001;270492004;39732003;111975006;698252002;426783006;284470004|63593006;164917005;47665007;426177001;427084000;164934002;59931005,3e0d198450442765,14,0.882852862033437,0.8775885058295714,0.8881695661645356,0.45929107457881513,0.09565413679999667,0.09473273803864218,0.0969627583983796,0.09539763748554778,0.0944908158591114,0.09669373661983498,-0.00025649931444889085,-0.00036531856971585566,-8.956825499056933e-05,0.09290278381509985,0.09187939430748282,0.09393671245024202,0.09229856056964476,0.09128488232718714,0.09332484200245413,-0.0006042232454550878,-0.000616881324726537,-0.0005914358271157244,False
ningbo,age,40_to_64,s4d,14023,14,164890007;713427006|59118001;270492004;39732003;111975006;698252002;426783006;284470004|63593006;164917005;47665007;426177001;427084000;164934002;59931005,3e0d198450442765,14,0.8850342121501554,0.8790166283058828,0.8907108346966225,0.44480836251734385,0.09571690935567978,0.09492724204427193,0.09708187049729936,0.09535863941359349,0.09458948832867344,0.09664846842136707,-0.00035826994208629226,-0.0006163176851428299,-0.0001070714410980458,0.0940101627372786,0.09298637514105289,0.09504474168302027,0.09234387307225123,0.09133856568208616,0.09335414357267895,-0.0016662896650273679,-0.001700876000475982,-0.0016293582255122727,False
ningbo,age,65_plus,xresnet1d101,14857,14,164890007;713427006|59118001;270492004;39732003;111975006;698252002;426783006;284470004|63593006;164917005;47665007;426177001;427084000;164934002;59931005,3e0d198450442765,14,0.8393525713600042,0.8352942575696325,0.8434336474205271,0.4708237267381163,0.10224266957345493,0.10131900984566831,0.10347524054715887,0.10141836197915789,0.1005305190428587,0.10265221014225583,-0.0008243075942970385,-0.0010091190078071923,-0.0005508821665244191,0.1050001121665134,0.10407358473135107,0.10600975868799871,0.10445036109861834,0.10353820042052372,0.10545250463083658,-0.0005497510678950657,-0.0005644066411043779,-0.0005352310753157015,False
ningbo,age,65_plus,s4d,14857,14,164890007;713427006|59118001;270492004;39732003;111975006;698252002;426783006;284470004|63593006;164917005;47665007;426177001;427084000;164934002;59931005,3e0d198450442765,14,0.8394660284164599,0.8354608774539409,0.8435191184875058,0.4463150130939524,0.10575947645429315,0.10486095924454751,0.10714169102380283,0.10334594735355236,0.102457375157927,0.10462689691792136,-0.0024135291007407883,-0.0028210470277156606,-0.0020777079949264995,0.10890008161598771,0.1079186387064749,0.10994811345729852,0.10738249504298734,0.10643041315365466,0.10842306425527917,-0.0015175865730003707,-0.001561179646058511,-0.001475788542434013,False
ningbo,sex,female,xresnet1d101,15162,15,164890007;733534002|164909002;713427006|59118001;270492004;39732003;111975006;698252002;426783006;284470004|63593006;164917005;47665007;426177001;427084000;164934002;59931005,e00abd49d9702ca7,15,0.8796458030486356,0.8752216073099814,0.8839648467859796,0.47768510431802547,0.08072968796365615,0.07987079799304952,0.0818484327055495,0.08026170842592988,0.07948122388163785,0.0814238320255218,-0.00046797953772627354,-0.0005650297018834529,-0.0002798796402932612,0.08132505828012138,0.08041257295104841,0.08228606079260023,0.08086113445485571,0.07995677650067974,0.08181382766187835,-0.00046392382526566633,-0.00047590338999700145,-0.0004517777047037177,False
ningbo,sex,female,s4d,15162,15,164890007;733534002|164909002;713427006|59118001;270492004;39732003;111975006;698252002;426783006;284470004|63593006;164917005;47665007;426177001;427084000;164934002;59931005,e00abd49d9702ca7,15,0.8825437556037419,0.8778941463962115,0.8870876432194221,0.45394171809169237,0.08228822263116822,0.08147433952097256,0.08350639493056262,0.08126059329459587,0.0804609185550873,0.08241427623501626,-0.0010276293365723554,-0.0014923506717340624,-0.0005985956353489588,0.0828456556026829,0.08190070604772383,0.0838088964979903,0.08152989925673151,0.08060129212613398,0.08246568263945599,-0.00131575634595138,-0.0013502865113576758,-0.0012808948319958905,False
ningbo,sex,male,xresnet1d101,19721,15,164890007;733534002|164909002;713427006|59118001;270492004;39732003;111975006;698252002;426783006;284470004|63593006;164917005;47665007;426177001;427084000;164934002;59931005,e00abd49d9702ca7,15,0.8671901267731748,0.8634926880567613,0.8709983704944276,0.4808235195212967,0.0927003159270811,0.09195291806837433,0.09364593035096065,0.09223904013339683,0.09155691802566332,0.09323124507612256,-0.0004612757936842682,-0.0005681606164312146,-0.00021730595530504025,0.0931611506732695,0.09237959164981414,0.0939293734409521,0.09261187485195642,0.09183592736322624,0.09337788819316613,-0.000549275821313075,-0.0005599085203750791,-0.0005379557717885439,False
ningbo,sex,male,s4d,19721,15,164890007;733534002|164909002;713427006|59118001;270492004;39732003;111975006;698252002;426783006;284470004|63593006;164917005;47665007;426177001;427084000;164934002;59931005,e00abd49d9702ca7,15,0.8671552583995928,0.86316015963476,0.8710722009742232,0.45556485233875826,0.0949504184714749,0.09425882584430596,0.09599463162425777,0.09439606790343012,0.09367557461892245,0.095387737892227,-0.000554350568044773,-0.0010081034297454161,-0.00019963012877598612,0.09623129666475636,0.09541745377061595,0.09702481511470847,0.09472599149046586,0.09394396753898171,0.09549457637425357,-0.0015053051742904971,-0.0015365143153150047,-0.0014752408716047593,False
